/*
 Navicat Premium Data Transfer

 Source Server         : 127.0.0.1
 Source Server Type    : MySQL
 Source Server Version : 50725
 Source Host           : localhost:3306
 Source Schema         : tron_wallet

 Target Server Type    : MySQL
 Target Server Version : 50725
 File Encoding         : 65001

 Date: 05/03/2021 19:15:46
*/

SET NAMES utf8mb4;
SET FOREIGN_KEY_CHECKS = 0;

-- ----------------------------
-- Table structure for gen_table
-- ----------------------------
DROP TABLE IF EXISTS `gen_table`;
CREATE TABLE `gen_table`  (
  `table_id` bigint(20) NOT NULL AUTO_INCREMENT COMMENT '编号',
  `table_name` varchar(200) CHARACTER SET utf8 COLLATE utf8_general_ci NULL DEFAULT '' COMMENT '表名称',
  `table_comment` varchar(500) CHARACTER SET utf8 COLLATE utf8_general_ci NULL DEFAULT '' COMMENT '表描述',
  `sub_table_name` varchar(64) CHARACTER SET utf8 COLLATE utf8_general_ci NULL DEFAULT NULL COMMENT '关联子表的表名',
  `sub_table_fk_name` varchar(64) CHARACTER SET utf8 COLLATE utf8_general_ci NULL DEFAULT NULL COMMENT '子表关联的外键名',
  `class_name` varchar(100) CHARACTER SET utf8 COLLATE utf8_general_ci NULL DEFAULT '' COMMENT '实体类名称',
  `tpl_category` varchar(200) CHARACTER SET utf8 COLLATE utf8_general_ci NULL DEFAULT 'crud' COMMENT '使用的模板（crud单表操作 tree树表操作）',
  `package_name` varchar(100) CHARACTER SET utf8 COLLATE utf8_general_ci NULL DEFAULT NULL COMMENT '生成包路径',
  `module_name` varchar(30) CHARACTER SET utf8 COLLATE utf8_general_ci NULL DEFAULT NULL COMMENT '生成模块名',
  `business_name` varchar(30) CHARACTER SET utf8 COLLATE utf8_general_ci NULL DEFAULT NULL COMMENT '生成业务名',
  `function_name` varchar(50) CHARACTER SET utf8 COLLATE utf8_general_ci NULL DEFAULT NULL COMMENT '生成功能名',
  `function_author` varchar(50) CHARACTER SET utf8 COLLATE utf8_general_ci NULL DEFAULT NULL COMMENT '生成功能作者',
  `gen_type` char(1) CHARACTER SET utf8 COLLATE utf8_general_ci NULL DEFAULT '0' COMMENT '生成代码方式（0zip压缩包 1自定义路径）',
  `gen_path` varchar(200) CHARACTER SET utf8 COLLATE utf8_general_ci NULL DEFAULT '/' COMMENT '生成路径（不填默认项目路径）',
  `options` varchar(1000) CHARACTER SET utf8 COLLATE utf8_general_ci NULL DEFAULT NULL COMMENT '其它生成选项',
  `create_by` varchar(64) CHARACTER SET utf8 COLLATE utf8_general_ci NULL DEFAULT '' COMMENT '创建者',
  `create_time` datetime(0) NULL DEFAULT NULL COMMENT '创建时间',
  `update_by` varchar(64) CHARACTER SET utf8 COLLATE utf8_general_ci NULL DEFAULT '' COMMENT '更新者',
  `update_time` datetime(0) NULL DEFAULT NULL COMMENT '更新时间',
  `remark` varchar(500) CHARACTER SET utf8 COLLATE utf8_general_ci NULL DEFAULT NULL COMMENT '备注',
  PRIMARY KEY (`table_id`) USING BTREE
) ENGINE = InnoDB AUTO_INCREMENT = 19 CHARACTER SET = utf8 COLLATE = utf8_general_ci COMMENT = '代码生成业务表' ROW_FORMAT = Dynamic;

-- ----------------------------
-- Records of gen_table
-- ----------------------------
INSERT INTO `gen_table` VALUES (1, 'tron_address', '钱包地址表', NULL, NULL, 'TronAddress', 'crud', 'com.dadsunion.tron', 'tron', 'address', '地址管理', 'l8oo8l', '0', '/', '{\"parentMenuId\":2003}', 'admin', '2021-03-05 15:26:54', '', '2021-03-05 15:49:01', NULL);
INSERT INTO `gen_table` VALUES (2, 'tron_block', '区块高度记录表', NULL, NULL, 'TronBlock', 'crud', 'com.dadsunion.tron', 'tron', 'blockheight', '区块高度', 'l8oo8l', '0', '/', '{\"parentMenuId\":\"2000\"}', 'admin', '2021-03-05 15:26:54', '', '2021-03-05 18:54:35', NULL);
INSERT INTO `gen_table` VALUES (11, 'tron_chain_record', '波场链上交互信息', NULL, NULL, 'TronChainRecord', 'crud', 'com.dadsunion.tron', 'tron', 'chain', '波场链上交互信息', 'l8oo8l', '0', '/', '{}', 'admin', '2021-03-05 15:54:44', '', '2021-03-05 16:08:45', NULL);
INSERT INTO `gen_table` VALUES (12, 'tron_coin_type', '币种管理', NULL, NULL, 'TronCoinType', 'crud', 'com.dadsunion.tron', 'tron', 'cointype', '币种管理', 'l8oo8l', '0', '/', '{\"parentMenuId\":\"2000\"}', 'admin', '2021-03-05 15:54:44', '', '2021-03-05 16:08:53', NULL);
INSERT INTO `gen_table` VALUES (13, 'tron_collect_record', '归集记录', NULL, NULL, 'TronCollectRecord', 'crud', 'com.dadsunion.tron', 'tron', 'collect', '归集记录', 'l8oo8l', '0', '/', '{\"parentMenuId\":\"2003\"}', 'admin', '2021-03-05 15:54:44', '', '2021-03-05 16:09:01', NULL);
INSERT INTO `gen_table` VALUES (14, 'tron_consume_record', '消耗记录', NULL, NULL, 'TronConsumeRecord', 'crud', 'com.dadsunion.tron', 'tron', 'consume', '消耗记录', 'l8oo8l', '0', '/', '{\"parentMenuId\":\"2005\"}', 'admin', '2021-03-05 15:54:44', '', '2021-03-05 16:09:09', NULL);
INSERT INTO `gen_table` VALUES (15, 'tron_recharge_record', '充值记录', NULL, NULL, 'TronRechargeRecord', 'crud', 'com.dadsunion.tron', 'tron', 'recharge', '充值记录', 'l8oo8l', '0', '/', '{\"parentMenuId\":\"2003\"}', 'admin', '2021-03-05 15:54:44', '', '2021-03-05 16:09:17', NULL);
INSERT INTO `gen_table` VALUES (16, 'tron_system_address', '系统地址', NULL, NULL, 'TronSystemAddress', 'crud', 'com.dadsunion.tron', 'tron', 'sysaddress', '系统地址', 'l8oo8l', '0', '/', '{\"parentMenuId\":\"2000\"}', 'admin', '2021-03-05 15:54:44', '', '2021-03-05 16:09:26', NULL);
INSERT INTO `gen_table` VALUES (17, 'tron_unfreeze_record', '冻结解冻记录', NULL, NULL, 'TronUnfreezeRecord', 'crud', 'com.dadsunion.tron', 'tron', 'unfreeze', '冻结解冻记录', 'l8oo8l', '0', '/', '{\"parentMenuId\":\"2005\"}', 'admin', '2021-03-05 15:54:44', '', '2021-03-05 16:09:39', NULL);
INSERT INTO `gen_table` VALUES (18, 'tron_withdraw_record', '提现记录', NULL, NULL, 'TronWithdrawRecord', 'crud', 'com.dadsunion.tron', 'tron', 'withdraw', '提现记录', 'l8oo8l', '0', '/', '{\"parentMenuId\":\"2004\"}', 'admin', '2021-03-05 15:54:44', '', '2021-03-05 16:09:47', NULL);

-- ----------------------------
-- Table structure for gen_table_column
-- ----------------------------
DROP TABLE IF EXISTS `gen_table_column`;
CREATE TABLE `gen_table_column`  (
  `column_id` bigint(20) NOT NULL AUTO_INCREMENT COMMENT '编号',
  `table_id` varchar(64) CHARACTER SET utf8 COLLATE utf8_general_ci NULL DEFAULT NULL COMMENT '归属表编号',
  `column_name` varchar(200) CHARACTER SET utf8 COLLATE utf8_general_ci NULL DEFAULT NULL COMMENT '列名称',
  `column_comment` varchar(500) CHARACTER SET utf8 COLLATE utf8_general_ci NULL DEFAULT NULL COMMENT '列描述',
  `column_type` varchar(100) CHARACTER SET utf8 COLLATE utf8_general_ci NULL DEFAULT NULL COMMENT '列类型',
  `java_type` varchar(500) CHARACTER SET utf8 COLLATE utf8_general_ci NULL DEFAULT NULL COMMENT 'JAVA类型',
  `java_field` varchar(200) CHARACTER SET utf8 COLLATE utf8_general_ci NULL DEFAULT NULL COMMENT 'JAVA字段名',
  `is_pk` char(1) CHARACTER SET utf8 COLLATE utf8_general_ci NULL DEFAULT NULL COMMENT '是否主键（1是）',
  `is_increment` char(1) CHARACTER SET utf8 COLLATE utf8_general_ci NULL DEFAULT NULL COMMENT '是否自增（1是）',
  `is_required` char(1) CHARACTER SET utf8 COLLATE utf8_general_ci NULL DEFAULT NULL COMMENT '是否必填（1是）',
  `is_insert` char(1) CHARACTER SET utf8 COLLATE utf8_general_ci NULL DEFAULT NULL COMMENT '是否为插入字段（1是）',
  `is_edit` char(1) CHARACTER SET utf8 COLLATE utf8_general_ci NULL DEFAULT NULL COMMENT '是否编辑字段（1是）',
  `is_list` char(1) CHARACTER SET utf8 COLLATE utf8_general_ci NULL DEFAULT NULL COMMENT '是否列表字段（1是）',
  `is_query` char(1) CHARACTER SET utf8 COLLATE utf8_general_ci NULL DEFAULT NULL COMMENT '是否查询字段（1是）',
  `query_type` varchar(200) CHARACTER SET utf8 COLLATE utf8_general_ci NULL DEFAULT 'EQ' COMMENT '查询方式（等于、不等于、大于、小于、范围）',
  `html_type` varchar(200) CHARACTER SET utf8 COLLATE utf8_general_ci NULL DEFAULT NULL COMMENT '显示类型（文本框、文本域、下拉框、复选框、单选框、日期控件）',
  `dict_type` varchar(200) CHARACTER SET utf8 COLLATE utf8_general_ci NULL DEFAULT '' COMMENT '字典类型',
  `sort` int(11) NULL DEFAULT NULL COMMENT '排序',
  `create_by` varchar(64) CHARACTER SET utf8 COLLATE utf8_general_ci NULL DEFAULT '' COMMENT '创建者',
  `create_time` datetime(0) NULL DEFAULT NULL COMMENT '创建时间',
  `update_by` varchar(64) CHARACTER SET utf8 COLLATE utf8_general_ci NULL DEFAULT '' COMMENT '更新者',
  `update_time` datetime(0) NULL DEFAULT NULL COMMENT '更新时间',
  PRIMARY KEY (`column_id`) USING BTREE
) ENGINE = InnoDB AUTO_INCREMENT = 147 CHARACTER SET = utf8 COLLATE = utf8_general_ci COMMENT = '代码生成业务表字段' ROW_FORMAT = Dynamic;

-- ----------------------------
-- Records of gen_table_column
-- ----------------------------
INSERT INTO `gen_table_column` VALUES (1, '1', 'id', NULL, 'bigint(11)', 'Long', 'id', '1', '1', NULL, '1', NULL, NULL, NULL, 'EQ', 'input', '', 1, 'admin', '2021-03-05 15:26:54', '', '2021-03-05 15:49:01');
INSERT INTO `gen_table_column` VALUES (2, '1', 'user_id', '用户ID', 'varchar(32)', 'String', 'userId', '0', '0', '1', '1', '1', '1', '1', 'EQ', 'input', '', 2, 'admin', '2021-03-05 15:26:54', '', '2021-03-05 15:49:01');
INSERT INTO `gen_table_column` VALUES (3, '1', 'address', '地址', 'varchar(64)', 'String', 'address', '0', '0', '1', '1', '1', '1', '1', 'EQ', 'input', '', 3, 'admin', '2021-03-05 15:26:54', '', '2021-03-05 15:49:01');
INSERT INTO `gen_table_column` VALUES (4, '1', 'activated', '是否已激活，0.未激活，1.已激活', 'tinyint(1)', 'Integer', 'activated', '0', '0', '1', '1', '1', '1', '1', 'EQ', 'input', '', 4, 'admin', '2021-03-05 15:26:54', '', '2021-03-05 15:49:01');
INSERT INTO `gen_table_column` VALUES (5, '1', 'secretkey', '秘钥', 'varchar(255)', 'String', 'secretkey', '0', '0', '1', '1', '1', '1', '1', 'EQ', 'input', '', 5, 'admin', '2021-03-05 15:26:54', '', '2021-03-05 15:49:01');
INSERT INTO `gen_table_column` VALUES (6, '1', 'create_time', NULL, 'datetime', 'Date', 'createTime', '0', '0', '1', '1', NULL, NULL, NULL, 'EQ', 'datetime', '', 6, 'admin', '2021-03-05 15:26:54', '', '2021-03-05 15:49:01');
INSERT INTO `gen_table_column` VALUES (7, '1', 'update_time', NULL, 'datetime', 'Date', 'updateTime', '0', '0', NULL, '1', '1', NULL, NULL, 'EQ', 'datetime', '', 7, 'admin', '2021-03-05 15:26:54', '', '2021-03-05 15:49:01');
INSERT INTO `gen_table_column` VALUES (8, '2', 'block', '区块高度', 'tinyint(20)', 'Long', 'block', '0', '0', NULL, '1', '1', '1', '1', 'EQ', 'input', '', 1, 'admin', '2021-03-05 15:26:54', '', '2021-03-05 18:54:35');
INSERT INTO `gen_table_column` VALUES (78, '11', 'id', NULL, 'bigint(11)', 'Long', 'id', '1', '1', NULL, '1', NULL, NULL, NULL, 'EQ', 'input', '', 1, 'admin', '2021-03-05 15:54:44', '', '2021-03-05 16:08:45');
INSERT INTO `gen_table_column` VALUES (79, '11', 'type', '类型，1.转账，2.带宽，3流量，4.合约', 'tinyint(1)', 'Integer', 'type', '0', '0', '1', '1', '1', '1', '1', 'EQ', 'select', '', 2, 'admin', '2021-03-05 15:54:44', '', '2021-03-05 16:08:45');
INSERT INTO `gen_table_column` VALUES (80, '11', 'height', '区块高度', 'bigint(11)', 'Long', 'height', '0', '0', '1', '1', '1', '1', '1', 'EQ', 'input', '', 3, 'admin', '2021-03-05 15:54:44', '', '2021-03-05 16:08:45');
INSERT INTO `gen_table_column` VALUES (81, '11', 'contract_addr', '合约地址', 'varchar(64)', 'String', 'contractAddr', '0', '0', NULL, '1', '1', '1', '1', 'EQ', 'input', '', 4, 'admin', '2021-03-05 15:54:44', '', '2021-03-05 16:08:45');
INSERT INTO `gen_table_column` VALUES (82, '11', 'from', '发送地址', 'varchar(64)', 'String', 'from', '0', '0', '1', '1', '1', '1', '1', 'EQ', 'input', '', 5, 'admin', '2021-03-05 15:54:44', '', '2021-03-05 16:08:45');
INSERT INTO `gen_table_column` VALUES (83, '11', 'to', '目标地址', 'varchar(64)', 'String', 'to', '0', '0', '1', '1', '1', '1', '1', 'EQ', 'input', '', 6, 'admin', '2021-03-05 15:54:44', '', '2021-03-05 16:08:45');
INSERT INTO `gen_table_column` VALUES (84, '11', 'amount', '金额，没有小数位', 'bigint(50)', 'Long', 'amount', '0', '0', NULL, '1', '1', '1', '1', 'EQ', 'input', '', 7, 'admin', '2021-03-05 15:54:44', '', '2021-03-05 16:08:45');
INSERT INTO `gen_table_column` VALUES (85, '11', 'bandwidth', '消耗带宽', 'bigint(50)', 'Long', 'bandwidth', '0', '0', NULL, '1', '1', '1', '1', 'EQ', 'input', '', 8, 'admin', '2021-03-05 15:54:44', '', '2021-03-05 16:08:45');
INSERT INTO `gen_table_column` VALUES (86, '11', 'energy', '消耗能量', 'bigint(50)', 'Long', 'energy', '0', '0', NULL, '1', '1', '1', '1', 'EQ', 'input', '', 9, 'admin', '2021-03-05 15:54:44', '', '2021-03-05 16:08:45');
INSERT INTO `gen_table_column` VALUES (87, '11', 'born_trx', '消耗trx', 'decimal(50,20)', 'BigDecimal', 'bornTrx', '0', '0', NULL, '1', '1', '1', '1', 'EQ', 'input', '', 10, 'admin', '2021-03-05 15:54:44', '', '2021-03-05 16:08:45');
INSERT INTO `gen_table_column` VALUES (88, '11', 'block_info', '区块信息', 'varchar(255)', 'String', 'blockInfo', '0', '0', NULL, '1', '1', '1', '1', 'EQ', 'input', '', 11, 'admin', '2021-03-05 15:54:44', '', '2021-03-05 16:08:45');
INSERT INTO `gen_table_column` VALUES (89, '11', 'state', '状态，1.已发送，2.打包中，3.成功，4，失败', 'int(1)', 'Integer', 'state', '0', '0', '1', '1', '1', '1', '1', 'EQ', 'input', '', 12, 'admin', '2021-03-05 15:54:44', '', '2021-03-05 16:08:45');
INSERT INTO `gen_table_column` VALUES (90, '11', 'err_msg', '失败信息', 'varchar(255)', 'String', 'errMsg', '0', '0', NULL, '1', '1', '1', '1', 'EQ', 'input', '', 13, 'admin', '2021-03-05 15:54:44', '', '2021-03-05 16:08:45');
INSERT INTO `gen_table_column` VALUES (91, '11', 'related_id', '关联ID', 'bigint(11)', 'Long', 'relatedId', '0', '0', NULL, '1', '1', '1', '1', 'EQ', 'input', '', 14, 'admin', '2021-03-05 15:54:44', '', '2021-03-05 16:08:45');
INSERT INTO `gen_table_column` VALUES (92, '11', 'remark', '备注', 'varchar(255)', 'String', 'remark', '0', '0', NULL, '1', '1', '1', NULL, 'EQ', 'input', '', 15, 'admin', '2021-03-05 15:54:44', '', '2021-03-05 16:08:45');
INSERT INTO `gen_table_column` VALUES (93, '12', 'id', NULL, 'int(11)', 'Long', 'id', '1', '1', NULL, '1', NULL, NULL, NULL, 'EQ', 'input', '', 1, 'admin', '2021-03-05 15:54:44', '', '2021-03-05 16:08:53');
INSERT INTO `gen_table_column` VALUES (94, '12', 'symbol', '代币符号（唯一）', 'varchar(20)', 'String', 'symbol', '0', '0', '1', '1', '1', '1', '1', 'EQ', 'input', '', 2, 'admin', '2021-03-05 15:54:44', '', '2021-03-05 16:08:53');
INSERT INTO `gen_table_column` VALUES (95, '12', 'type', '类型：0.主币,1.TRC10,2.TRC20', 'int(2)', 'Integer', 'type', '0', '0', '1', '1', '1', '1', '1', 'EQ', 'select', '', 3, 'admin', '2021-03-05 15:54:44', '', '2021-03-05 16:08:53');
INSERT INTO `gen_table_column` VALUES (96, '12', 'is_master', '是否主币', 'tinyint(1)', 'Integer', 'isMaster', '0', '0', '1', '1', '1', '1', '1', 'EQ', 'input', '', 4, 'admin', '2021-03-05 15:54:44', '', '2021-03-05 16:08:53');
INSERT INTO `gen_table_column` VALUES (97, '12', 'name', '币种名称', 'varchar(20)', 'String', 'name', '0', '0', '1', '1', '1', '1', '1', 'LIKE', 'input', '', 5, 'admin', '2021-03-05 15:54:44', '', '2021-03-05 16:08:53');
INSERT INTO `gen_table_column` VALUES (98, '12', 'contract_addr', '合约地址', 'varchar(64)', 'String', 'contractAddr', '0', '0', NULL, '1', '1', '1', '1', 'EQ', 'input', '', 6, 'admin', '2021-03-05 15:54:44', '', '2021-03-05 16:08:53');
INSERT INTO `gen_table_column` VALUES (99, '12', 'scale', '小数位', 'int(2)', 'Integer', 'scale', '0', '0', NULL, '1', '1', '1', '1', 'EQ', 'input', '', 7, 'admin', '2021-03-05 15:54:44', '', '2021-03-05 16:08:53');
INSERT INTO `gen_table_column` VALUES (100, '13', 'id', NULL, 'bigint(11)', 'Long', 'id', '1', '1', NULL, '1', NULL, NULL, NULL, 'EQ', 'input', '', 1, 'admin', '2021-03-05 15:54:44', '', '2021-03-05 16:09:01');
INSERT INTO `gen_table_column` VALUES (101, '13', 'recharge_id', '充值记录ID', 'bigint(11)', 'Long', 'rechargeId', '0', '0', '1', '1', '1', '1', '1', 'EQ', 'input', '', 2, 'admin', '2021-03-05 15:54:44', '', '2021-03-05 16:09:01');
INSERT INTO `gen_table_column` VALUES (102, '13', 'recharge_chain_id', '充值链上ID', 'bigint(11)', 'Long', 'rechargeChainId', '0', '0', '1', '1', '1', '1', '1', 'EQ', 'input', '', 3, 'admin', '2021-03-05 15:54:44', '', '2021-03-05 16:09:01');
INSERT INTO `gen_table_column` VALUES (103, '13', 'collect_chain_id', '归集ID', 'bigint(11)', 'Long', 'collectChainId', '0', '0', NULL, '1', '1', '1', '1', 'EQ', 'input', '', 4, 'admin', '2021-03-05 15:54:44', '', '2021-03-05 16:09:01');
INSERT INTO `gen_table_column` VALUES (104, '13', 'amount', NULL, 'decimal(50,20)', 'BigDecimal', 'amount', '0', '0', NULL, '1', '1', '1', '1', 'EQ', 'input', '', 5, 'admin', '2021-03-05 15:54:44', '', '2021-03-05 16:09:01');
INSERT INTO `gen_table_column` VALUES (105, '13', 'from', '来源地址，用户平台地址', 'varchar(64)', 'String', 'from', '0', '0', NULL, '1', '1', '1', '1', 'EQ', 'input', '', 6, 'admin', '2021-03-05 15:54:44', '', '2021-03-05 16:09:01');
INSERT INTO `gen_table_column` VALUES (106, '13', 'to', '目标地址', 'varchar(64)', 'String', 'to', '0', '0', NULL, '1', '1', '1', '1', 'EQ', 'input', '', 7, 'admin', '2021-03-05 15:54:44', '', '2021-03-05 16:09:01');
INSERT INTO `gen_table_column` VALUES (107, '13', 'state', '状态：0.待归集，1.归集中，2.归集完成，3.归集失败', 'tinyint(1)', 'Integer', 'state', '0', '0', '1', '1', '1', '1', '1', 'EQ', 'input', '', 8, 'admin', '2021-03-05 15:54:44', '', '2021-03-05 16:09:01');
INSERT INTO `gen_table_column` VALUES (108, '13', 'create_time', '创建时间', 'datetime', 'Date', 'createTime', '0', '0', '1', '1', NULL, NULL, NULL, 'EQ', 'datetime', '', 9, 'admin', '2021-03-05 15:54:44', '', '2021-03-05 16:09:01');
INSERT INTO `gen_table_column` VALUES (109, '13', 'update_time', '修改时间', 'datetime', 'Date', 'updateTime', '0', '0', NULL, '1', '1', NULL, NULL, 'EQ', 'datetime', '', 10, 'admin', '2021-03-05 15:54:44', '', '2021-03-05 16:09:01');
INSERT INTO `gen_table_column` VALUES (110, '14', 'id', NULL, 'bigint(11)', 'Long', 'id', '1', '1', NULL, '1', NULL, NULL, NULL, 'EQ', 'input', '', 1, 'admin', '2021-03-05 15:54:44', '', '2021-03-05 16:09:09');
INSERT INTO `gen_table_column` VALUES (111, '14', 'chain_id', '链上记录', 'bigint(11)', 'Long', 'chainId', '0', '0', '1', '1', '1', '1', '1', 'EQ', 'input', '', 2, 'admin', '2021-03-05 15:54:44', '', '2021-03-05 16:09:09');
INSERT INTO `gen_table_column` VALUES (112, '14', 'from', '消耗地址', 'varchar(64)', 'String', 'from', '0', '0', '1', '1', '1', '1', '1', 'EQ', 'input', '', 3, 'admin', '2021-03-05 15:54:44', '', '2021-03-05 16:09:09');
INSERT INTO `gen_table_column` VALUES (113, '14', 'to', '目标地址', 'varchar(64)', 'String', 'to', '0', '0', '1', '1', '1', '1', '1', 'EQ', 'input', '', 4, 'admin', '2021-03-05 15:54:44', '', '2021-03-05 16:09:09');
INSERT INTO `gen_table_column` VALUES (114, '14', 'type', '类型：1.激活，2.获取带宽，3.获取能量', 'int(2)', 'Integer', 'type', '0', '0', '1', '1', '1', '1', '1', 'EQ', 'select', '', 5, 'admin', '2021-03-05 15:54:44', '', '2021-03-05 16:09:09');
INSERT INTO `gen_table_column` VALUES (115, '14', 'state', '状态：0.待处理，1.处理中，2.处理完成', 'int(2)', 'Integer', 'state', '0', '0', '1', '1', '1', '1', '1', 'EQ', 'input', '', 6, 'admin', '2021-03-05 15:54:44', '', '2021-03-05 16:09:09');
INSERT INTO `gen_table_column` VALUES (116, '14', 'count', '消耗数量', 'decimal(50,20)', 'BigDecimal', 'count', '0', '0', NULL, '1', '1', '1', '1', 'EQ', 'input', '', 7, 'admin', '2021-03-05 15:54:44', '', '2021-03-05 16:09:09');
INSERT INTO `gen_table_column` VALUES (117, '14', 'create_time', '创建时间', 'datetime', 'Date', 'createTime', '0', '0', '1', '1', NULL, NULL, NULL, 'EQ', 'datetime', '', 8, 'admin', '2021-03-05 15:54:44', '', '2021-03-05 16:09:09');
INSERT INTO `gen_table_column` VALUES (118, '14', 'update_time', NULL, 'datetime', 'Date', 'updateTime', '0', '0', NULL, '1', '1', NULL, NULL, 'EQ', 'datetime', '', 9, 'admin', '2021-03-05 15:54:44', '', '2021-03-05 16:09:09');
INSERT INTO `gen_table_column` VALUES (119, '15', 'id', NULL, 'bigint(11)', 'Long', 'id', '1', '1', NULL, '1', NULL, NULL, NULL, 'EQ', 'input', '', 1, 'admin', '2021-03-05 15:54:44', '', '2021-03-05 16:09:17');
INSERT INTO `gen_table_column` VALUES (120, '15', 'from', '来源地址', 'varchar(64)', 'String', 'from', '0', '0', '1', '1', '1', '1', '1', 'EQ', 'input', '', 2, 'admin', '2021-03-05 15:54:44', '', '2021-03-05 16:09:17');
INSERT INTO `gen_table_column` VALUES (121, '15', 'to', '用户平台地址', 'varchar(64)', 'String', 'to', '0', '0', '1', '1', '1', '1', '1', 'EQ', 'input', '', 3, 'admin', '2021-03-05 15:54:44', '', '2021-03-05 16:09:17');
INSERT INTO `gen_table_column` VALUES (122, '15', 'amount', '金额', 'decimal(50,20)', 'BigDecimal', 'amount', '0', '0', '1', '1', '1', '1', '1', 'EQ', 'input', '', 4, 'admin', '2021-03-05 15:54:44', '', '2021-03-05 16:09:17');
INSERT INTO `gen_table_column` VALUES (123, '15', 'state', '状态，0.待归集，1.已归集', 'tinyint(1)', 'Integer', 'state', '0', '0', '1', '1', '1', '1', '1', 'EQ', 'input', '', 5, 'admin', '2021-03-05 15:54:44', '', '2021-03-05 16:09:17');
INSERT INTO `gen_table_column` VALUES (124, '15', 'symbol', '币种符号', 'varchar(20)', 'String', 'symbol', '0', '0', '1', '1', '1', '1', '1', 'EQ', 'input', '', 6, 'admin', '2021-03-05 15:54:44', '', '2021-03-05 16:09:17');
INSERT INTO `gen_table_column` VALUES (125, '15', 'chain_id', '链上关联ID', 'bigint(20)', 'Long', 'chainId', '0', '0', '1', '1', '1', '1', '1', 'EQ', 'input', '', 7, 'admin', '2021-03-05 15:54:44', '', '2021-03-05 16:09:17');
INSERT INTO `gen_table_column` VALUES (126, '15', 'create_time', '创建时间', 'datetime', 'Date', 'createTime', '0', '0', '1', '1', NULL, NULL, NULL, 'EQ', 'datetime', '', 8, 'admin', '2021-03-05 15:54:44', '', '2021-03-05 16:09:17');
INSERT INTO `gen_table_column` VALUES (127, '15', 'update_time', '修改时间', 'datetime', 'Date', 'updateTime', '0', '0', NULL, '1', '1', NULL, NULL, 'EQ', 'datetime', '', 9, 'admin', '2021-03-05 15:54:44', '', '2021-03-05 16:09:17');
INSERT INTO `gen_table_column` VALUES (128, '16', 'id', NULL, 'int(8)', 'Integer', 'id', '1', '0', NULL, '1', NULL, NULL, NULL, 'EQ', 'input', '', 1, 'admin', '2021-03-05 15:54:44', '', '2021-03-05 16:09:26');
INSERT INTO `gen_table_column` VALUES (129, '16', 'address', '系统地址', 'varchar(255)', 'String', 'address', '0', '0', '1', '1', '1', '1', '1', 'EQ', 'input', '', 2, 'admin', '2021-03-05 15:54:44', '', '2021-03-05 16:09:26');
INSERT INTO `gen_table_column` VALUES (130, '16', 'type', '地址类型', 'varchar(10)', 'String', 'type', '0', '0', '1', '1', '1', '1', '1', 'EQ', 'select', '', 3, 'admin', '2021-03-05 15:54:44', '', '2021-03-05 16:09:26');
INSERT INTO `gen_table_column` VALUES (131, '17', 'id', NULL, 'bigint(11)', 'Long', 'id', '1', '0', NULL, '1', NULL, NULL, NULL, 'EQ', 'input', '', 1, 'admin', '2021-03-05 15:54:44', '', '2021-03-05 16:09:39');
INSERT INTO `gen_table_column` VALUES (132, '17', 'address', '地址', 'varchar(64)', 'String', 'address', '0', '0', '1', '1', '1', '1', '1', 'EQ', 'input', '', 2, 'admin', '2021-03-05 15:54:44', '', '2021-03-05 16:09:39');
INSERT INTO `gen_table_column` VALUES (133, '17', 'type', '类型：1.带宽，2.能量', 'int(2)', 'Integer', 'type', '0', '0', NULL, '1', '1', '1', '1', 'EQ', 'select', '', 3, 'admin', '2021-03-05 15:54:44', '', '2021-03-05 16:09:39');
INSERT INTO `gen_table_column` VALUES (134, '17', 'direct', '方向：0.冻结、1.解冻', 'tinyint(1)', 'Integer', 'direct', '0', '0', '1', '1', '1', '1', '1', 'EQ', 'input', '', 4, 'admin', '2021-03-05 15:54:44', '', '2021-03-05 16:09:39');
INSERT INTO `gen_table_column` VALUES (135, '17', 'state', '状态：0.待处理，1.处理中，2.处理完毕', 'int(2)', 'Integer', 'state', '0', '0', '1', '1', '1', '1', '1', 'EQ', 'input', '', 5, 'admin', '2021-03-05 15:54:44', '', '2021-03-05 16:09:39');
INSERT INTO `gen_table_column` VALUES (136, '17', 'create_time', '创建时间', 'datetime', 'Date', 'createTime', '0', '0', '1', '1', NULL, NULL, NULL, 'EQ', 'datetime', '', 6, 'admin', '2021-03-05 15:54:44', '', '2021-03-05 16:09:39');
INSERT INTO `gen_table_column` VALUES (137, '17', 'update_time', NULL, 'datetime', 'Date', 'updateTime', '0', '0', NULL, '1', '1', NULL, NULL, 'EQ', 'datetime', '', 7, 'admin', '2021-03-05 15:54:44', '', '2021-03-05 16:09:39');
INSERT INTO `gen_table_column` VALUES (138, '18', 'id', NULL, 'bigint(11)', 'Long', 'id', '1', '0', NULL, '1', NULL, NULL, NULL, 'EQ', 'input', '', 1, 'admin', '2021-03-05 15:54:44', '', '2021-03-05 16:09:47');
INSERT INTO `gen_table_column` VALUES (139, '18', 'from', '来源地址', 'varchar(64)', 'String', 'from', '0', '0', '1', '1', '1', '1', '1', 'EQ', 'input', '', 2, 'admin', '2021-03-05 15:54:44', '', '2021-03-05 16:09:47');
INSERT INTO `gen_table_column` VALUES (140, '18', 'to', '用户平台地址', 'varchar(64)', 'String', 'to', '0', '0', '1', '1', '1', '1', '1', 'EQ', 'input', '', 3, 'admin', '2021-03-05 15:54:44', '', '2021-03-05 16:09:47');
INSERT INTO `gen_table_column` VALUES (141, '18', 'amount', '金额', 'decimal(50,20)', 'BigDecimal', 'amount', '0', '0', '1', '1', '1', '1', '1', 'EQ', 'input', '', 4, 'admin', '2021-03-05 15:54:44', '', '2021-03-05 16:09:47');
INSERT INTO `gen_table_column` VALUES (142, '18', 'state', '状态，0.待发起，1.处理中，2.成功，3.失败', 'tinyint(1)', 'Integer', 'state', '0', '0', '1', '1', '1', '1', '1', 'EQ', 'input', '', 5, 'admin', '2021-03-05 15:54:44', '', '2021-03-05 16:09:47');
INSERT INTO `gen_table_column` VALUES (143, '18', 'symbol', '币种符号', 'varchar(20)', 'String', 'symbol', '0', '0', '1', '1', '1', '1', '1', 'EQ', 'input', '', 6, 'admin', '2021-03-05 15:54:44', '', '2021-03-05 16:09:47');
INSERT INTO `gen_table_column` VALUES (144, '18', 'chain_id', '链上交互ID', 'bigint(11)', 'Long', 'chainId', '0', '0', '1', '1', '1', '1', '1', 'EQ', 'input', '', 7, 'admin', '2021-03-05 15:54:44', '', '2021-03-05 16:09:47');
INSERT INTO `gen_table_column` VALUES (145, '18', 'create_time', '创建时间', 'datetime', 'Date', 'createTime', '0', '0', '1', '1', NULL, NULL, NULL, 'EQ', 'datetime', '', 8, 'admin', '2021-03-05 15:54:44', '', '2021-03-05 16:09:47');
INSERT INTO `gen_table_column` VALUES (146, '18', 'update_time', '修改时间', 'datetime', 'Date', 'updateTime', '0', '0', NULL, '1', '1', NULL, NULL, 'EQ', 'datetime', '', 9, 'admin', '2021-03-05 15:54:44', '', '2021-03-05 16:09:47');

-- ----------------------------
-- Table structure for qrtz_blob_triggers
-- ----------------------------
DROP TABLE IF EXISTS `qrtz_blob_triggers`;
CREATE TABLE `qrtz_blob_triggers`  (
  `sched_name` varchar(120) CHARACTER SET utf8 COLLATE utf8_general_ci NOT NULL,
  `trigger_name` varchar(200) CHARACTER SET utf8 COLLATE utf8_general_ci NOT NULL,
  `trigger_group` varchar(200) CHARACTER SET utf8 COLLATE utf8_general_ci NOT NULL,
  `blob_data` blob NULL,
  PRIMARY KEY (`sched_name`, `trigger_name`, `trigger_group`) USING BTREE,
  CONSTRAINT `qrtz_blob_triggers_ibfk_1` FOREIGN KEY (`sched_name`, `trigger_name`, `trigger_group`) REFERENCES `qrtz_triggers` (`sched_name`, `trigger_name`, `trigger_group`) ON DELETE RESTRICT ON UPDATE RESTRICT
) ENGINE = InnoDB CHARACTER SET = utf8 COLLATE = utf8_general_ci ROW_FORMAT = Dynamic;

-- ----------------------------
-- Table structure for qrtz_calendars
-- ----------------------------
DROP TABLE IF EXISTS `qrtz_calendars`;
CREATE TABLE `qrtz_calendars`  (
  `sched_name` varchar(120) CHARACTER SET utf8 COLLATE utf8_general_ci NOT NULL,
  `calendar_name` varchar(200) CHARACTER SET utf8 COLLATE utf8_general_ci NOT NULL,
  `calendar` blob NOT NULL,
  PRIMARY KEY (`sched_name`, `calendar_name`) USING BTREE
) ENGINE = InnoDB CHARACTER SET = utf8 COLLATE = utf8_general_ci ROW_FORMAT = Dynamic;

-- ----------------------------
-- Table structure for qrtz_cron_triggers
-- ----------------------------
DROP TABLE IF EXISTS `qrtz_cron_triggers`;
CREATE TABLE `qrtz_cron_triggers`  (
  `sched_name` varchar(120) CHARACTER SET utf8 COLLATE utf8_general_ci NOT NULL,
  `trigger_name` varchar(200) CHARACTER SET utf8 COLLATE utf8_general_ci NOT NULL,
  `trigger_group` varchar(200) CHARACTER SET utf8 COLLATE utf8_general_ci NOT NULL,
  `cron_expression` varchar(200) CHARACTER SET utf8 COLLATE utf8_general_ci NOT NULL,
  `time_zone_id` varchar(80) CHARACTER SET utf8 COLLATE utf8_general_ci NULL DEFAULT NULL,
  PRIMARY KEY (`sched_name`, `trigger_name`, `trigger_group`) USING BTREE,
  CONSTRAINT `qrtz_cron_triggers_ibfk_1` FOREIGN KEY (`sched_name`, `trigger_name`, `trigger_group`) REFERENCES `qrtz_triggers` (`sched_name`, `trigger_name`, `trigger_group`) ON DELETE RESTRICT ON UPDATE RESTRICT
) ENGINE = InnoDB CHARACTER SET = utf8 COLLATE = utf8_general_ci ROW_FORMAT = Dynamic;

-- ----------------------------
-- Records of qrtz_cron_triggers
-- ----------------------------
INSERT INTO `qrtz_cron_triggers` VALUES ('RuoyiScheduler', 'TASK_CLASS_NAME1', 'DEFAULT', '0/10 * * * * ?', 'Asia/Shanghai');
INSERT INTO `qrtz_cron_triggers` VALUES ('RuoyiScheduler', 'TASK_CLASS_NAME2', 'DEFAULT', '0/15 * * * * ?', 'Asia/Shanghai');
INSERT INTO `qrtz_cron_triggers` VALUES ('RuoyiScheduler', 'TASK_CLASS_NAME3', 'DEFAULT', '0/20 * * * * ?', 'Asia/Shanghai');

-- ----------------------------
-- Table structure for qrtz_fired_triggers
-- ----------------------------
DROP TABLE IF EXISTS `qrtz_fired_triggers`;
CREATE TABLE `qrtz_fired_triggers`  (
  `sched_name` varchar(120) CHARACTER SET utf8 COLLATE utf8_general_ci NOT NULL,
  `entry_id` varchar(95) CHARACTER SET utf8 COLLATE utf8_general_ci NOT NULL,
  `trigger_name` varchar(200) CHARACTER SET utf8 COLLATE utf8_general_ci NOT NULL,
  `trigger_group` varchar(200) CHARACTER SET utf8 COLLATE utf8_general_ci NOT NULL,
  `instance_name` varchar(200) CHARACTER SET utf8 COLLATE utf8_general_ci NOT NULL,
  `fired_time` bigint(13) NOT NULL,
  `sched_time` bigint(13) NOT NULL,
  `priority` int(11) NOT NULL,
  `state` varchar(16) CHARACTER SET utf8 COLLATE utf8_general_ci NOT NULL,
  `job_name` varchar(200) CHARACTER SET utf8 COLLATE utf8_general_ci NULL DEFAULT NULL,
  `job_group` varchar(200) CHARACTER SET utf8 COLLATE utf8_general_ci NULL DEFAULT NULL,
  `is_nonconcurrent` varchar(1) CHARACTER SET utf8 COLLATE utf8_general_ci NULL DEFAULT NULL,
  `requests_recovery` varchar(1) CHARACTER SET utf8 COLLATE utf8_general_ci NULL DEFAULT NULL,
  PRIMARY KEY (`sched_name`, `entry_id`) USING BTREE
) ENGINE = InnoDB CHARACTER SET = utf8 COLLATE = utf8_general_ci ROW_FORMAT = Dynamic;

-- ----------------------------
-- Table structure for qrtz_job_details
-- ----------------------------
DROP TABLE IF EXISTS `qrtz_job_details`;
CREATE TABLE `qrtz_job_details`  (
  `sched_name` varchar(120) CHARACTER SET utf8 COLLATE utf8_general_ci NOT NULL,
  `job_name` varchar(200) CHARACTER SET utf8 COLLATE utf8_general_ci NOT NULL,
  `job_group` varchar(200) CHARACTER SET utf8 COLLATE utf8_general_ci NOT NULL,
  `description` varchar(250) CHARACTER SET utf8 COLLATE utf8_general_ci NULL DEFAULT NULL,
  `job_class_name` varchar(250) CHARACTER SET utf8 COLLATE utf8_general_ci NOT NULL,
  `is_durable` varchar(1) CHARACTER SET utf8 COLLATE utf8_general_ci NOT NULL,
  `is_nonconcurrent` varchar(1) CHARACTER SET utf8 COLLATE utf8_general_ci NOT NULL,
  `is_update_data` varchar(1) CHARACTER SET utf8 COLLATE utf8_general_ci NOT NULL,
  `requests_recovery` varchar(1) CHARACTER SET utf8 COLLATE utf8_general_ci NOT NULL,
  `job_data` blob NULL,
  PRIMARY KEY (`sched_name`, `job_name`, `job_group`) USING BTREE
) ENGINE = InnoDB CHARACTER SET = utf8 COLLATE = utf8_general_ci ROW_FORMAT = Dynamic;

-- ----------------------------
-- Records of qrtz_job_details
-- ----------------------------
INSERT INTO `qrtz_job_details` VALUES ('RuoyiScheduler', 'TASK_CLASS_NAME1', 'DEFAULT', NULL, 'com.dadsunion.quartz.util.QuartzDisallowConcurrentExecution', '0', '1', '0', '0', 0xACED0005737200156F72672E71756172747A2E4A6F62446174614D61709FB083E8BFA9B0CB020000787200266F72672E71756172747A2E7574696C732E537472696E674B65794469727479466C61674D61708208E8C3FBC55D280200015A0013616C6C6F77735472616E7369656E74446174617872001D6F72672E71756172747A2E7574696C732E4469727479466C61674D617013E62EAD28760ACE0200025A000564697274794C00036D617074000F4C6A6176612F7574696C2F4D61703B787001737200116A6176612E7574696C2E486173684D61700507DAC1C31660D103000246000A6C6F6164466163746F724900097468726573686F6C6478703F4000000000000C7708000000100000000174000F5441534B5F50524F5045525449455373720022636F6D2E64616473756E696F6E2E71756172747A2E646F6D61696E2E5379734A6F6200000000000000010200084C000A636F6E63757272656E747400124C6A6176612F6C616E672F537472696E673B4C000E63726F6E45787072657373696F6E71007E00094C000C696E766F6B6554617267657471007E00094C00086A6F6247726F757071007E00094C00056A6F6249647400104C6A6176612F6C616E672F4C6F6E673B4C00076A6F624E616D6571007E00094C000D6D697366697265506F6C69637971007E00094C000673746174757371007E00097872002B636F6D2E64616473756E696F6E2E636F6D6D6F6E2E636F72652E646F6D61696E2E42617365456E7469747900000000000000010200074C0008637265617465427971007E00094C000A63726561746554696D657400104C6A6176612F7574696C2F446174653B4C0006706172616D7371007E00034C000672656D61726B71007E00094C000B73656172636856616C756571007E00094C0008757064617465427971007E00094C000A75706461746554696D6571007E000C787074000561646D696E7372000E6A6176612E7574696C2E44617465686A81014B5974190300007870770800000178008670D078707400007070707400013174000E302F3130202A202A202A202A203F74001172795461736B2E72794E6F506172616D7374000744454641554C547372000E6A6176612E6C616E672E4C6F6E673B8BE490CC8F23DF0200014A000576616C7565787200106A6176612E6C616E672E4E756D62657286AC951D0B94E08B02000078700000000000000001740018E7B3BBE7BB9FE9BB98E8AEA4EFBC88E697A0E58F82EFBC8974000133740001317800);
INSERT INTO `qrtz_job_details` VALUES ('RuoyiScheduler', 'TASK_CLASS_NAME2', 'DEFAULT', NULL, 'com.dadsunion.quartz.util.QuartzDisallowConcurrentExecution', '0', '1', '0', '0', 0xACED0005737200156F72672E71756172747A2E4A6F62446174614D61709FB083E8BFA9B0CB020000787200266F72672E71756172747A2E7574696C732E537472696E674B65794469727479466C61674D61708208E8C3FBC55D280200015A0013616C6C6F77735472616E7369656E74446174617872001D6F72672E71756172747A2E7574696C732E4469727479466C61674D617013E62EAD28760ACE0200025A000564697274794C00036D617074000F4C6A6176612F7574696C2F4D61703B787001737200116A6176612E7574696C2E486173684D61700507DAC1C31660D103000246000A6C6F6164466163746F724900097468726573686F6C6478703F4000000000000C7708000000100000000174000F5441534B5F50524F5045525449455373720022636F6D2E64616473756E696F6E2E71756172747A2E646F6D61696E2E5379734A6F6200000000000000010200084C000A636F6E63757272656E747400124C6A6176612F6C616E672F537472696E673B4C000E63726F6E45787072657373696F6E71007E00094C000C696E766F6B6554617267657471007E00094C00086A6F6247726F757071007E00094C00056A6F6249647400104C6A6176612F6C616E672F4C6F6E673B4C00076A6F624E616D6571007E00094C000D6D697366697265506F6C69637971007E00094C000673746174757371007E00097872002B636F6D2E64616473756E696F6E2E636F6D6D6F6E2E636F72652E646F6D61696E2E42617365456E7469747900000000000000010200074C0008637265617465427971007E00094C000A63726561746554696D657400104C6A6176612F7574696C2F446174653B4C0006706172616D7371007E00034C000672656D61726B71007E00094C000B73656172636856616C756571007E00094C0008757064617465427971007E00094C000A75706461746554696D6571007E000C787074000561646D696E7372000E6A6176612E7574696C2E44617465686A81014B5974190300007870770800000178008670D078707400007070707400013174000E302F3135202A202A202A202A203F74001572795461736B2E7279506172616D7328277279272974000744454641554C547372000E6A6176612E6C616E672E4C6F6E673B8BE490CC8F23DF0200014A000576616C7565787200106A6176612E6C616E672E4E756D62657286AC951D0B94E08B02000078700000000000000002740018E7B3BBE7BB9FE9BB98E8AEA4EFBC88E69C89E58F82EFBC8974000133740001317800);
INSERT INTO `qrtz_job_details` VALUES ('RuoyiScheduler', 'TASK_CLASS_NAME3', 'DEFAULT', NULL, 'com.dadsunion.quartz.util.QuartzDisallowConcurrentExecution', '0', '1', '0', '0', 0xACED0005737200156F72672E71756172747A2E4A6F62446174614D61709FB083E8BFA9B0CB020000787200266F72672E71756172747A2E7574696C732E537472696E674B65794469727479466C61674D61708208E8C3FBC55D280200015A0013616C6C6F77735472616E7369656E74446174617872001D6F72672E71756172747A2E7574696C732E4469727479466C61674D617013E62EAD28760ACE0200025A000564697274794C00036D617074000F4C6A6176612F7574696C2F4D61703B787001737200116A6176612E7574696C2E486173684D61700507DAC1C31660D103000246000A6C6F6164466163746F724900097468726573686F6C6478703F4000000000000C7708000000100000000174000F5441534B5F50524F5045525449455373720022636F6D2E64616473756E696F6E2E71756172747A2E646F6D61696E2E5379734A6F6200000000000000010200084C000A636F6E63757272656E747400124C6A6176612F6C616E672F537472696E673B4C000E63726F6E45787072657373696F6E71007E00094C000C696E766F6B6554617267657471007E00094C00086A6F6247726F757071007E00094C00056A6F6249647400104C6A6176612F6C616E672F4C6F6E673B4C00076A6F624E616D6571007E00094C000D6D697366697265506F6C69637971007E00094C000673746174757371007E00097872002B636F6D2E64616473756E696F6E2E636F6D6D6F6E2E636F72652E646F6D61696E2E42617365456E7469747900000000000000010200074C0008637265617465427971007E00094C000A63726561746554696D657400104C6A6176612F7574696C2F446174653B4C0006706172616D7371007E00034C000672656D61726B71007E00094C000B73656172636856616C756571007E00094C0008757064617465427971007E00094C000A75706461746554696D6571007E000C787074000561646D696E7372000E6A6176612E7574696C2E44617465686A81014B5974190300007870770800000178008670D078707400007070707400013174000E302F3230202A202A202A202A203F74003872795461736B2E72794D756C7469706C65506172616D7328277279272C20747275652C20323030304C2C203331362E3530442C203130302974000744454641554C547372000E6A6176612E6C616E672E4C6F6E673B8BE490CC8F23DF0200014A000576616C7565787200106A6176612E6C616E672E4E756D62657286AC951D0B94E08B02000078700000000000000003740018E7B3BBE7BB9FE9BB98E8AEA4EFBC88E5A49AE58F82EFBC8974000133740001317800);

-- ----------------------------
-- Table structure for qrtz_locks
-- ----------------------------
DROP TABLE IF EXISTS `qrtz_locks`;
CREATE TABLE `qrtz_locks`  (
  `sched_name` varchar(120) CHARACTER SET utf8 COLLATE utf8_general_ci NOT NULL,
  `lock_name` varchar(40) CHARACTER SET utf8 COLLATE utf8_general_ci NOT NULL,
  PRIMARY KEY (`sched_name`, `lock_name`) USING BTREE
) ENGINE = InnoDB CHARACTER SET = utf8 COLLATE = utf8_general_ci ROW_FORMAT = Dynamic;

-- ----------------------------
-- Records of qrtz_locks
-- ----------------------------
INSERT INTO `qrtz_locks` VALUES ('RuoyiScheduler', 'STATE_ACCESS');
INSERT INTO `qrtz_locks` VALUES ('RuoyiScheduler', 'TRIGGER_ACCESS');

-- ----------------------------
-- Table structure for qrtz_paused_trigger_grps
-- ----------------------------
DROP TABLE IF EXISTS `qrtz_paused_trigger_grps`;
CREATE TABLE `qrtz_paused_trigger_grps`  (
  `sched_name` varchar(120) CHARACTER SET utf8 COLLATE utf8_general_ci NOT NULL,
  `trigger_group` varchar(200) CHARACTER SET utf8 COLLATE utf8_general_ci NOT NULL,
  PRIMARY KEY (`sched_name`, `trigger_group`) USING BTREE
) ENGINE = InnoDB CHARACTER SET = utf8 COLLATE = utf8_general_ci ROW_FORMAT = Dynamic;

-- ----------------------------
-- Table structure for qrtz_scheduler_state
-- ----------------------------
DROP TABLE IF EXISTS `qrtz_scheduler_state`;
CREATE TABLE `qrtz_scheduler_state`  (
  `sched_name` varchar(120) CHARACTER SET utf8 COLLATE utf8_general_ci NOT NULL,
  `instance_name` varchar(200) CHARACTER SET utf8 COLLATE utf8_general_ci NOT NULL,
  `last_checkin_time` bigint(13) NOT NULL,
  `checkin_interval` bigint(13) NOT NULL,
  PRIMARY KEY (`sched_name`, `instance_name`) USING BTREE
) ENGINE = InnoDB CHARACTER SET = utf8 COLLATE = utf8_general_ci ROW_FORMAT = Dynamic;

-- ----------------------------
-- Records of qrtz_scheduler_state
-- ----------------------------
INSERT INTO `qrtz_scheduler_state` VALUES ('RuoyiScheduler', 'DESKTOP-ERL40MD1614942125753', 1614942941096, 15000);

-- ----------------------------
-- Table structure for qrtz_simple_triggers
-- ----------------------------
DROP TABLE IF EXISTS `qrtz_simple_triggers`;
CREATE TABLE `qrtz_simple_triggers`  (
  `sched_name` varchar(120) CHARACTER SET utf8 COLLATE utf8_general_ci NOT NULL,
  `trigger_name` varchar(200) CHARACTER SET utf8 COLLATE utf8_general_ci NOT NULL,
  `trigger_group` varchar(200) CHARACTER SET utf8 COLLATE utf8_general_ci NOT NULL,
  `repeat_count` bigint(7) NOT NULL,
  `repeat_interval` bigint(12) NOT NULL,
  `times_triggered` bigint(10) NOT NULL,
  PRIMARY KEY (`sched_name`, `trigger_name`, `trigger_group`) USING BTREE,
  CONSTRAINT `qrtz_simple_triggers_ibfk_1` FOREIGN KEY (`sched_name`, `trigger_name`, `trigger_group`) REFERENCES `qrtz_triggers` (`sched_name`, `trigger_name`, `trigger_group`) ON DELETE RESTRICT ON UPDATE RESTRICT
) ENGINE = InnoDB CHARACTER SET = utf8 COLLATE = utf8_general_ci ROW_FORMAT = Dynamic;

-- ----------------------------
-- Table structure for qrtz_simprop_triggers
-- ----------------------------
DROP TABLE IF EXISTS `qrtz_simprop_triggers`;
CREATE TABLE `qrtz_simprop_triggers`  (
  `sched_name` varchar(120) CHARACTER SET utf8 COLLATE utf8_general_ci NOT NULL,
  `trigger_name` varchar(200) CHARACTER SET utf8 COLLATE utf8_general_ci NOT NULL,
  `trigger_group` varchar(200) CHARACTER SET utf8 COLLATE utf8_general_ci NOT NULL,
  `str_prop_1` varchar(512) CHARACTER SET utf8 COLLATE utf8_general_ci NULL DEFAULT NULL,
  `str_prop_2` varchar(512) CHARACTER SET utf8 COLLATE utf8_general_ci NULL DEFAULT NULL,
  `str_prop_3` varchar(512) CHARACTER SET utf8 COLLATE utf8_general_ci NULL DEFAULT NULL,
  `int_prop_1` int(11) NULL DEFAULT NULL,
  `int_prop_2` int(11) NULL DEFAULT NULL,
  `long_prop_1` bigint(20) NULL DEFAULT NULL,
  `long_prop_2` bigint(20) NULL DEFAULT NULL,
  `dec_prop_1` decimal(13, 4) NULL DEFAULT NULL,
  `dec_prop_2` decimal(13, 4) NULL DEFAULT NULL,
  `bool_prop_1` varchar(1) CHARACTER SET utf8 COLLATE utf8_general_ci NULL DEFAULT NULL,
  `bool_prop_2` varchar(1) CHARACTER SET utf8 COLLATE utf8_general_ci NULL DEFAULT NULL,
  PRIMARY KEY (`sched_name`, `trigger_name`, `trigger_group`) USING BTREE,
  CONSTRAINT `qrtz_simprop_triggers_ibfk_1` FOREIGN KEY (`sched_name`, `trigger_name`, `trigger_group`) REFERENCES `qrtz_triggers` (`sched_name`, `trigger_name`, `trigger_group`) ON DELETE RESTRICT ON UPDATE RESTRICT
) ENGINE = InnoDB CHARACTER SET = utf8 COLLATE = utf8_general_ci ROW_FORMAT = Dynamic;

-- ----------------------------
-- Table structure for qrtz_triggers
-- ----------------------------
DROP TABLE IF EXISTS `qrtz_triggers`;
CREATE TABLE `qrtz_triggers`  (
  `sched_name` varchar(120) CHARACTER SET utf8 COLLATE utf8_general_ci NOT NULL,
  `trigger_name` varchar(200) CHARACTER SET utf8 COLLATE utf8_general_ci NOT NULL,
  `trigger_group` varchar(200) CHARACTER SET utf8 COLLATE utf8_general_ci NOT NULL,
  `job_name` varchar(200) CHARACTER SET utf8 COLLATE utf8_general_ci NOT NULL,
  `job_group` varchar(200) CHARACTER SET utf8 COLLATE utf8_general_ci NOT NULL,
  `description` varchar(250) CHARACTER SET utf8 COLLATE utf8_general_ci NULL DEFAULT NULL,
  `next_fire_time` bigint(13) NULL DEFAULT NULL,
  `prev_fire_time` bigint(13) NULL DEFAULT NULL,
  `priority` int(11) NULL DEFAULT NULL,
  `trigger_state` varchar(16) CHARACTER SET utf8 COLLATE utf8_general_ci NOT NULL,
  `trigger_type` varchar(8) CHARACTER SET utf8 COLLATE utf8_general_ci NOT NULL,
  `start_time` bigint(13) NOT NULL,
  `end_time` bigint(13) NULL DEFAULT NULL,
  `calendar_name` varchar(200) CHARACTER SET utf8 COLLATE utf8_general_ci NULL DEFAULT NULL,
  `misfire_instr` smallint(2) NULL DEFAULT NULL,
  `job_data` blob NULL,
  PRIMARY KEY (`sched_name`, `trigger_name`, `trigger_group`) USING BTREE,
  INDEX `sched_name`(`sched_name`, `job_name`, `job_group`) USING BTREE,
  CONSTRAINT `qrtz_triggers_ibfk_1` FOREIGN KEY (`sched_name`, `job_name`, `job_group`) REFERENCES `qrtz_job_details` (`sched_name`, `job_name`, `job_group`) ON DELETE RESTRICT ON UPDATE RESTRICT
) ENGINE = InnoDB CHARACTER SET = utf8 COLLATE = utf8_general_ci ROW_FORMAT = Dynamic;

-- ----------------------------
-- Records of qrtz_triggers
-- ----------------------------
INSERT INTO `qrtz_triggers` VALUES ('RuoyiScheduler', 'TASK_CLASS_NAME1', 'DEFAULT', 'TASK_CLASS_NAME1', 'DEFAULT', NULL, 1614942130000, -1, 5, 'PAUSED', 'CRON', 1614942125000, 0, NULL, 2, '');
INSERT INTO `qrtz_triggers` VALUES ('RuoyiScheduler', 'TASK_CLASS_NAME2', 'DEFAULT', 'TASK_CLASS_NAME2', 'DEFAULT', NULL, 1614942135000, -1, 5, 'PAUSED', 'CRON', 1614942125000, 0, NULL, 2, '');
INSERT INTO `qrtz_triggers` VALUES ('RuoyiScheduler', 'TASK_CLASS_NAME3', 'DEFAULT', 'TASK_CLASS_NAME3', 'DEFAULT', NULL, 1614942140000, -1, 5, 'PAUSED', 'CRON', 1614942126000, 0, NULL, 2, '');

-- ----------------------------
-- Table structure for sys_config
-- ----------------------------
DROP TABLE IF EXISTS `sys_config`;
CREATE TABLE `sys_config`  (
  `config_id` int(5) NOT NULL AUTO_INCREMENT COMMENT '参数主键',
  `config_name` varchar(100) CHARACTER SET utf8 COLLATE utf8_general_ci NULL DEFAULT '' COMMENT '参数名称',
  `config_key` varchar(100) CHARACTER SET utf8 COLLATE utf8_general_ci NULL DEFAULT '' COMMENT '参数键名',
  `config_value` varchar(500) CHARACTER SET utf8 COLLATE utf8_general_ci NULL DEFAULT '' COMMENT '参数键值',
  `config_type` char(1) CHARACTER SET utf8 COLLATE utf8_general_ci NULL DEFAULT 'N' COMMENT '系统内置（Y是 N否）',
  `create_by` varchar(64) CHARACTER SET utf8 COLLATE utf8_general_ci NULL DEFAULT '' COMMENT '创建者',
  `create_time` datetime(0) NULL DEFAULT NULL COMMENT '创建时间',
  `update_by` varchar(64) CHARACTER SET utf8 COLLATE utf8_general_ci NULL DEFAULT '' COMMENT '更新者',
  `update_time` datetime(0) NULL DEFAULT NULL COMMENT '更新时间',
  `remark` varchar(500) CHARACTER SET utf8 COLLATE utf8_general_ci NULL DEFAULT NULL COMMENT '备注',
  PRIMARY KEY (`config_id`) USING BTREE
) ENGINE = InnoDB AUTO_INCREMENT = 100 CHARACTER SET = utf8 COLLATE = utf8_general_ci COMMENT = '参数配置表' ROW_FORMAT = Dynamic;

-- ----------------------------
-- Records of sys_config
-- ----------------------------
INSERT INTO `sys_config` VALUES (1, '主框架页-默认皮肤样式名称', 'sys.index.skinName', 'skin-blue', 'Y', 'admin', '2021-03-05 11:55:14', '', NULL, '蓝色 skin-blue、绿色 skin-green、紫色 skin-purple、红色 skin-red、黄色 skin-yellow');
INSERT INTO `sys_config` VALUES (2, '用户管理-账号初始密码', 'sys.user.initPassword', '123456', 'Y', 'admin', '2021-03-05 11:55:14', '', NULL, '初始化密码 123456');
INSERT INTO `sys_config` VALUES (3, '主框架页-侧边栏主题', 'sys.index.sideTheme', 'theme-dark', 'Y', 'admin', '2021-03-05 11:55:14', '', NULL, '深色主题theme-dark，浅色主题theme-light');

-- ----------------------------
-- Table structure for sys_dept
-- ----------------------------
DROP TABLE IF EXISTS `sys_dept`;
CREATE TABLE `sys_dept`  (
  `dept_id` bigint(20) NOT NULL AUTO_INCREMENT COMMENT '部门id',
  `parent_id` bigint(20) NULL DEFAULT 0 COMMENT '父部门id',
  `ancestors` varchar(50) CHARACTER SET utf8 COLLATE utf8_general_ci NULL DEFAULT '' COMMENT '祖级列表',
  `dept_name` varchar(30) CHARACTER SET utf8 COLLATE utf8_general_ci NULL DEFAULT '' COMMENT '部门名称',
  `order_num` int(4) NULL DEFAULT 0 COMMENT '显示顺序',
  `leader` varchar(20) CHARACTER SET utf8 COLLATE utf8_general_ci NULL DEFAULT NULL COMMENT '负责人',
  `phone` varchar(11) CHARACTER SET utf8 COLLATE utf8_general_ci NULL DEFAULT NULL COMMENT '联系电话',
  `email` varchar(50) CHARACTER SET utf8 COLLATE utf8_general_ci NULL DEFAULT NULL COMMENT '邮箱',
  `status` char(1) CHARACTER SET utf8 COLLATE utf8_general_ci NULL DEFAULT '0' COMMENT '部门状态（0正常 1停用）',
  `del_flag` char(1) CHARACTER SET utf8 COLLATE utf8_general_ci NULL DEFAULT '0' COMMENT '删除标志（0代表存在 2代表删除）',
  `create_by` varchar(64) CHARACTER SET utf8 COLLATE utf8_general_ci NULL DEFAULT '' COMMENT '创建者',
  `create_time` datetime(0) NULL DEFAULT NULL COMMENT '创建时间',
  `update_by` varchar(64) CHARACTER SET utf8 COLLATE utf8_general_ci NULL DEFAULT '' COMMENT '更新者',
  `update_time` datetime(0) NULL DEFAULT NULL COMMENT '更新时间',
  PRIMARY KEY (`dept_id`) USING BTREE
) ENGINE = InnoDB AUTO_INCREMENT = 200 CHARACTER SET = utf8 COLLATE = utf8_general_ci COMMENT = '部门表' ROW_FORMAT = Dynamic;

-- ----------------------------
-- Records of sys_dept
-- ----------------------------
INSERT INTO `sys_dept` VALUES (100, 0, '0', '若依科技', 0, '若依', '15888888888', 'ry@qq.com', '0', '0', 'admin', '2021-03-05 11:55:13', '', NULL);
INSERT INTO `sys_dept` VALUES (101, 100, '0,100', '深圳总公司', 1, '若依', '15888888888', 'ry@qq.com', '0', '0', 'admin', '2021-03-05 11:55:13', '', NULL);
INSERT INTO `sys_dept` VALUES (102, 100, '0,100', '长沙分公司', 2, '若依', '15888888888', 'ry@qq.com', '0', '0', 'admin', '2021-03-05 11:55:13', '', NULL);
INSERT INTO `sys_dept` VALUES (103, 101, '0,100,101', '研发部门', 1, '若依', '15888888888', 'ry@qq.com', '0', '0', 'admin', '2021-03-05 11:55:13', '', NULL);
INSERT INTO `sys_dept` VALUES (104, 101, '0,100,101', '市场部门', 2, '若依', '15888888888', 'ry@qq.com', '0', '0', 'admin', '2021-03-05 11:55:13', '', NULL);
INSERT INTO `sys_dept` VALUES (105, 101, '0,100,101', '测试部门', 3, '若依', '15888888888', 'ry@qq.com', '0', '0', 'admin', '2021-03-05 11:55:13', '', NULL);
INSERT INTO `sys_dept` VALUES (106, 101, '0,100,101', '财务部门', 4, '若依', '15888888888', 'ry@qq.com', '0', '0', 'admin', '2021-03-05 11:55:13', '', NULL);
INSERT INTO `sys_dept` VALUES (107, 101, '0,100,101', '运维部门', 5, '若依', '15888888888', 'ry@qq.com', '0', '0', 'admin', '2021-03-05 11:55:13', '', NULL);
INSERT INTO `sys_dept` VALUES (108, 102, '0,100,102', '市场部门', 1, '若依', '15888888888', 'ry@qq.com', '0', '0', 'admin', '2021-03-05 11:55:13', '', NULL);
INSERT INTO `sys_dept` VALUES (109, 102, '0,100,102', '财务部门', 2, '若依', '15888888888', 'ry@qq.com', '0', '0', 'admin', '2021-03-05 11:55:13', '', NULL);

-- ----------------------------
-- Table structure for sys_dict_data
-- ----------------------------
DROP TABLE IF EXISTS `sys_dict_data`;
CREATE TABLE `sys_dict_data`  (
  `dict_code` bigint(20) NOT NULL AUTO_INCREMENT COMMENT '字典编码',
  `dict_sort` int(4) NULL DEFAULT 0 COMMENT '字典排序',
  `dict_label` varchar(100) CHARACTER SET utf8 COLLATE utf8_general_ci NULL DEFAULT '' COMMENT '字典标签',
  `dict_value` varchar(100) CHARACTER SET utf8 COLLATE utf8_general_ci NULL DEFAULT '' COMMENT '字典键值',
  `dict_type` varchar(100) CHARACTER SET utf8 COLLATE utf8_general_ci NULL DEFAULT '' COMMENT '字典类型',
  `css_class` varchar(100) CHARACTER SET utf8 COLLATE utf8_general_ci NULL DEFAULT NULL COMMENT '样式属性（其他样式扩展）',
  `list_class` varchar(100) CHARACTER SET utf8 COLLATE utf8_general_ci NULL DEFAULT NULL COMMENT '表格回显样式',
  `is_default` char(1) CHARACTER SET utf8 COLLATE utf8_general_ci NULL DEFAULT 'N' COMMENT '是否默认（Y是 N否）',
  `status` char(1) CHARACTER SET utf8 COLLATE utf8_general_ci NULL DEFAULT '0' COMMENT '状态（0正常 1停用）',
  `create_by` varchar(64) CHARACTER SET utf8 COLLATE utf8_general_ci NULL DEFAULT '' COMMENT '创建者',
  `create_time` datetime(0) NULL DEFAULT NULL COMMENT '创建时间',
  `update_by` varchar(64) CHARACTER SET utf8 COLLATE utf8_general_ci NULL DEFAULT '' COMMENT '更新者',
  `update_time` datetime(0) NULL DEFAULT NULL COMMENT '更新时间',
  `remark` varchar(500) CHARACTER SET utf8 COLLATE utf8_general_ci NULL DEFAULT NULL COMMENT '备注',
  PRIMARY KEY (`dict_code`) USING BTREE
) ENGINE = InnoDB AUTO_INCREMENT = 100 CHARACTER SET = utf8 COLLATE = utf8_general_ci COMMENT = '字典数据表' ROW_FORMAT = Dynamic;

-- ----------------------------
-- Records of sys_dict_data
-- ----------------------------
INSERT INTO `sys_dict_data` VALUES (1, 1, '男', '0', 'sys_user_sex', '', '', 'Y', '0', 'admin', '2021-03-05 11:55:14', '', NULL, '性别男');
INSERT INTO `sys_dict_data` VALUES (2, 2, '女', '1', 'sys_user_sex', '', '', 'N', '0', 'admin', '2021-03-05 11:55:14', '', NULL, '性别女');
INSERT INTO `sys_dict_data` VALUES (3, 3, '未知', '2', 'sys_user_sex', '', '', 'N', '0', 'admin', '2021-03-05 11:55:14', '', NULL, '性别未知');
INSERT INTO `sys_dict_data` VALUES (4, 1, '显示', '0', 'sys_show_hide', '', 'primary', 'Y', '0', 'admin', '2021-03-05 11:55:14', '', NULL, '显示菜单');
INSERT INTO `sys_dict_data` VALUES (5, 2, '隐藏', '1', 'sys_show_hide', '', 'danger', 'N', '0', 'admin', '2021-03-05 11:55:14', '', NULL, '隐藏菜单');
INSERT INTO `sys_dict_data` VALUES (6, 1, '正常', '0', 'sys_normal_disable', '', 'primary', 'Y', '0', 'admin', '2021-03-05 11:55:14', '', NULL, '正常状态');
INSERT INTO `sys_dict_data` VALUES (7, 2, '停用', '1', 'sys_normal_disable', '', 'danger', 'N', '0', 'admin', '2021-03-05 11:55:14', '', NULL, '停用状态');
INSERT INTO `sys_dict_data` VALUES (8, 1, '正常', '0', 'sys_job_status', '', 'primary', 'Y', '0', 'admin', '2021-03-05 11:55:14', '', NULL, '正常状态');
INSERT INTO `sys_dict_data` VALUES (9, 2, '暂停', '1', 'sys_job_status', '', 'danger', 'N', '0', 'admin', '2021-03-05 11:55:14', '', NULL, '停用状态');
INSERT INTO `sys_dict_data` VALUES (10, 1, '默认', 'DEFAULT', 'sys_job_group', '', '', 'Y', '0', 'admin', '2021-03-05 11:55:14', '', NULL, '默认分组');
INSERT INTO `sys_dict_data` VALUES (11, 2, '系统', 'SYSTEM', 'sys_job_group', '', '', 'N', '0', 'admin', '2021-03-05 11:55:14', '', NULL, '系统分组');
INSERT INTO `sys_dict_data` VALUES (12, 1, '是', 'Y', 'sys_yes_no', '', 'primary', 'Y', '0', 'admin', '2021-03-05 11:55:14', '', NULL, '系统默认是');
INSERT INTO `sys_dict_data` VALUES (13, 2, '否', 'N', 'sys_yes_no', '', 'danger', 'N', '0', 'admin', '2021-03-05 11:55:14', '', NULL, '系统默认否');
INSERT INTO `sys_dict_data` VALUES (14, 1, '通知', '1', 'sys_notice_type', '', 'warning', 'Y', '0', 'admin', '2021-03-05 11:55:14', '', NULL, '通知');
INSERT INTO `sys_dict_data` VALUES (15, 2, '公告', '2', 'sys_notice_type', '', 'success', 'N', '0', 'admin', '2021-03-05 11:55:14', '', NULL, '公告');
INSERT INTO `sys_dict_data` VALUES (16, 1, '正常', '0', 'sys_notice_status', '', 'primary', 'Y', '0', 'admin', '2021-03-05 11:55:14', '', NULL, '正常状态');
INSERT INTO `sys_dict_data` VALUES (17, 2, '关闭', '1', 'sys_notice_status', '', 'danger', 'N', '0', 'admin', '2021-03-05 11:55:14', '', NULL, '关闭状态');
INSERT INTO `sys_dict_data` VALUES (18, 1, '新增', '1', 'sys_oper_type', '', 'info', 'N', '0', 'admin', '2021-03-05 11:55:14', '', NULL, '新增操作');
INSERT INTO `sys_dict_data` VALUES (19, 2, '修改', '2', 'sys_oper_type', '', 'info', 'N', '0', 'admin', '2021-03-05 11:55:14', '', NULL, '修改操作');
INSERT INTO `sys_dict_data` VALUES (20, 3, '删除', '3', 'sys_oper_type', '', 'danger', 'N', '0', 'admin', '2021-03-05 11:55:14', '', NULL, '删除操作');
INSERT INTO `sys_dict_data` VALUES (21, 4, '授权', '4', 'sys_oper_type', '', 'primary', 'N', '0', 'admin', '2021-03-05 11:55:14', '', NULL, '授权操作');
INSERT INTO `sys_dict_data` VALUES (22, 5, '导出', '5', 'sys_oper_type', '', 'warning', 'N', '0', 'admin', '2021-03-05 11:55:14', '', NULL, '导出操作');
INSERT INTO `sys_dict_data` VALUES (23, 6, '导入', '6', 'sys_oper_type', '', 'warning', 'N', '0', 'admin', '2021-03-05 11:55:14', '', NULL, '导入操作');
INSERT INTO `sys_dict_data` VALUES (24, 7, '强退', '7', 'sys_oper_type', '', 'danger', 'N', '0', 'admin', '2021-03-05 11:55:14', '', NULL, '强退操作');
INSERT INTO `sys_dict_data` VALUES (25, 8, '生成代码', '8', 'sys_oper_type', '', 'warning', 'N', '0', 'admin', '2021-03-05 11:55:14', '', NULL, '生成操作');
INSERT INTO `sys_dict_data` VALUES (26, 9, '清空数据', '9', 'sys_oper_type', '', 'danger', 'N', '0', 'admin', '2021-03-05 11:55:14', '', NULL, '清空操作');
INSERT INTO `sys_dict_data` VALUES (27, 1, '成功', '0', 'sys_common_status', '', 'primary', 'N', '0', 'admin', '2021-03-05 11:55:14', '', NULL, '正常状态');
INSERT INTO `sys_dict_data` VALUES (28, 2, '失败', '1', 'sys_common_status', '', 'danger', 'N', '0', 'admin', '2021-03-05 11:55:14', '', NULL, '停用状态');

-- ----------------------------
-- Table structure for sys_dict_type
-- ----------------------------
DROP TABLE IF EXISTS `sys_dict_type`;
CREATE TABLE `sys_dict_type`  (
  `dict_id` bigint(20) NOT NULL AUTO_INCREMENT COMMENT '字典主键',
  `dict_name` varchar(100) CHARACTER SET utf8 COLLATE utf8_general_ci NULL DEFAULT '' COMMENT '字典名称',
  `dict_type` varchar(100) CHARACTER SET utf8 COLLATE utf8_general_ci NULL DEFAULT '' COMMENT '字典类型',
  `status` char(1) CHARACTER SET utf8 COLLATE utf8_general_ci NULL DEFAULT '0' COMMENT '状态（0正常 1停用）',
  `create_by` varchar(64) CHARACTER SET utf8 COLLATE utf8_general_ci NULL DEFAULT '' COMMENT '创建者',
  `create_time` datetime(0) NULL DEFAULT NULL COMMENT '创建时间',
  `update_by` varchar(64) CHARACTER SET utf8 COLLATE utf8_general_ci NULL DEFAULT '' COMMENT '更新者',
  `update_time` datetime(0) NULL DEFAULT NULL COMMENT '更新时间',
  `remark` varchar(500) CHARACTER SET utf8 COLLATE utf8_general_ci NULL DEFAULT NULL COMMENT '备注',
  PRIMARY KEY (`dict_id`) USING BTREE,
  UNIQUE INDEX `dict_type`(`dict_type`) USING BTREE
) ENGINE = InnoDB AUTO_INCREMENT = 100 CHARACTER SET = utf8 COLLATE = utf8_general_ci COMMENT = '字典类型表' ROW_FORMAT = Dynamic;

-- ----------------------------
-- Records of sys_dict_type
-- ----------------------------
INSERT INTO `sys_dict_type` VALUES (1, '用户性别', 'sys_user_sex', '0', 'admin', '2021-03-05 11:55:13', '', NULL, '用户性别列表');
INSERT INTO `sys_dict_type` VALUES (2, '菜单状态', 'sys_show_hide', '0', 'admin', '2021-03-05 11:55:13', '', NULL, '菜单状态列表');
INSERT INTO `sys_dict_type` VALUES (3, '系统开关', 'sys_normal_disable', '0', 'admin', '2021-03-05 11:55:13', '', NULL, '系统开关列表');
INSERT INTO `sys_dict_type` VALUES (4, '任务状态', 'sys_job_status', '0', 'admin', '2021-03-05 11:55:13', '', NULL, '任务状态列表');
INSERT INTO `sys_dict_type` VALUES (5, '任务分组', 'sys_job_group', '0', 'admin', '2021-03-05 11:55:13', '', NULL, '任务分组列表');
INSERT INTO `sys_dict_type` VALUES (6, '系统是否', 'sys_yes_no', '0', 'admin', '2021-03-05 11:55:13', '', NULL, '系统是否列表');
INSERT INTO `sys_dict_type` VALUES (7, '通知类型', 'sys_notice_type', '0', 'admin', '2021-03-05 11:55:13', '', NULL, '通知类型列表');
INSERT INTO `sys_dict_type` VALUES (8, '通知状态', 'sys_notice_status', '0', 'admin', '2021-03-05 11:55:13', '', NULL, '通知状态列表');
INSERT INTO `sys_dict_type` VALUES (9, '操作类型', 'sys_oper_type', '0', 'admin', '2021-03-05 11:55:13', '', NULL, '操作类型列表');
INSERT INTO `sys_dict_type` VALUES (10, '系统状态', 'sys_common_status', '0', 'admin', '2021-03-05 11:55:13', '', NULL, '登录状态列表');

-- ----------------------------
-- Table structure for sys_job
-- ----------------------------
DROP TABLE IF EXISTS `sys_job`;
CREATE TABLE `sys_job`  (
  `job_id` bigint(20) NOT NULL AUTO_INCREMENT COMMENT '任务ID',
  `job_name` varchar(64) CHARACTER SET utf8 COLLATE utf8_general_ci NOT NULL DEFAULT '' COMMENT '任务名称',
  `job_group` varchar(64) CHARACTER SET utf8 COLLATE utf8_general_ci NOT NULL DEFAULT 'DEFAULT' COMMENT '任务组名',
  `invoke_target` varchar(500) CHARACTER SET utf8 COLLATE utf8_general_ci NOT NULL COMMENT '调用目标字符串',
  `cron_expression` varchar(255) CHARACTER SET utf8 COLLATE utf8_general_ci NULL DEFAULT '' COMMENT 'cron执行表达式',
  `misfire_policy` varchar(20) CHARACTER SET utf8 COLLATE utf8_general_ci NULL DEFAULT '3' COMMENT '计划执行错误策略（1立即执行 2执行一次 3放弃执行）',
  `concurrent` char(1) CHARACTER SET utf8 COLLATE utf8_general_ci NULL DEFAULT '1' COMMENT '是否并发执行（0允许 1禁止）',
  `status` char(1) CHARACTER SET utf8 COLLATE utf8_general_ci NULL DEFAULT '0' COMMENT '状态（0正常 1暂停）',
  `create_by` varchar(64) CHARACTER SET utf8 COLLATE utf8_general_ci NULL DEFAULT '' COMMENT '创建者',
  `create_time` datetime(0) NULL DEFAULT NULL COMMENT '创建时间',
  `update_by` varchar(64) CHARACTER SET utf8 COLLATE utf8_general_ci NULL DEFAULT '' COMMENT '更新者',
  `update_time` datetime(0) NULL DEFAULT NULL COMMENT '更新时间',
  `remark` varchar(500) CHARACTER SET utf8 COLLATE utf8_general_ci NULL DEFAULT '' COMMENT '备注信息',
  PRIMARY KEY (`job_id`, `job_name`, `job_group`) USING BTREE
) ENGINE = InnoDB AUTO_INCREMENT = 100 CHARACTER SET = utf8 COLLATE = utf8_general_ci COMMENT = '定时任务调度表' ROW_FORMAT = Dynamic;

-- ----------------------------
-- Records of sys_job
-- ----------------------------
INSERT INTO `sys_job` VALUES (1, '系统默认（无参）', 'DEFAULT', 'ryTask.ryNoParams', '0/10 * * * * ?', '3', '1', '1', 'admin', '2021-03-05 11:55:14', '', NULL, '');
INSERT INTO `sys_job` VALUES (2, '系统默认（有参）', 'DEFAULT', 'ryTask.ryParams(\'ry\')', '0/15 * * * * ?', '3', '1', '1', 'admin', '2021-03-05 11:55:14', '', NULL, '');
INSERT INTO `sys_job` VALUES (3, '系统默认（多参）', 'DEFAULT', 'ryTask.ryMultipleParams(\'ry\', true, 2000L, 316.50D, 100)', '0/20 * * * * ?', '3', '1', '1', 'admin', '2021-03-05 11:55:14', '', NULL, '');

-- ----------------------------
-- Table structure for sys_job_log
-- ----------------------------
DROP TABLE IF EXISTS `sys_job_log`;
CREATE TABLE `sys_job_log`  (
  `job_log_id` bigint(20) NOT NULL AUTO_INCREMENT COMMENT '任务日志ID',
  `job_name` varchar(64) CHARACTER SET utf8 COLLATE utf8_general_ci NOT NULL COMMENT '任务名称',
  `job_group` varchar(64) CHARACTER SET utf8 COLLATE utf8_general_ci NOT NULL COMMENT '任务组名',
  `invoke_target` varchar(500) CHARACTER SET utf8 COLLATE utf8_general_ci NOT NULL COMMENT '调用目标字符串',
  `job_message` varchar(500) CHARACTER SET utf8 COLLATE utf8_general_ci NULL DEFAULT NULL COMMENT '日志信息',
  `status` char(1) CHARACTER SET utf8 COLLATE utf8_general_ci NULL DEFAULT '0' COMMENT '执行状态（0正常 1失败）',
  `exception_info` varchar(2000) CHARACTER SET utf8 COLLATE utf8_general_ci NULL DEFAULT '' COMMENT '异常信息',
  `create_time` datetime(0) NULL DEFAULT NULL COMMENT '创建时间',
  PRIMARY KEY (`job_log_id`) USING BTREE
) ENGINE = InnoDB AUTO_INCREMENT = 1 CHARACTER SET = utf8 COLLATE = utf8_general_ci COMMENT = '定时任务调度日志表' ROW_FORMAT = Dynamic;

-- ----------------------------
-- Table structure for sys_logininfor
-- ----------------------------
DROP TABLE IF EXISTS `sys_logininfor`;
CREATE TABLE `sys_logininfor`  (
  `info_id` bigint(20) NOT NULL AUTO_INCREMENT COMMENT '访问ID',
  `user_name` varchar(50) CHARACTER SET utf8 COLLATE utf8_general_ci NULL DEFAULT '' COMMENT '用户账号',
  `ipaddr` varchar(128) CHARACTER SET utf8 COLLATE utf8_general_ci NULL DEFAULT '' COMMENT '登录IP地址',
  `login_location` varchar(255) CHARACTER SET utf8 COLLATE utf8_general_ci NULL DEFAULT '' COMMENT '登录地点',
  `browser` varchar(50) CHARACTER SET utf8 COLLATE utf8_general_ci NULL DEFAULT '' COMMENT '浏览器类型',
  `os` varchar(50) CHARACTER SET utf8 COLLATE utf8_general_ci NULL DEFAULT '' COMMENT '操作系统',
  `status` char(1) CHARACTER SET utf8 COLLATE utf8_general_ci NULL DEFAULT '0' COMMENT '登录状态（0成功 1失败）',
  `msg` varchar(255) CHARACTER SET utf8 COLLATE utf8_general_ci NULL DEFAULT '' COMMENT '提示消息',
  `login_time` datetime(0) NULL DEFAULT NULL COMMENT '访问时间',
  PRIMARY KEY (`info_id`) USING BTREE
) ENGINE = InnoDB AUTO_INCREMENT = 103 CHARACTER SET = utf8 COLLATE = utf8_general_ci COMMENT = '系统访问记录' ROW_FORMAT = Dynamic;

-- ----------------------------
-- Records of sys_logininfor
-- ----------------------------
INSERT INTO `sys_logininfor` VALUES (100, 'admin', '127.0.0.1', '内网IP', 'Chrome 8', 'Windows 10', '0', '登录成功', '2021-03-05 15:24:31');
INSERT INTO `sys_logininfor` VALUES (101, 'admin', '127.0.0.1', '内网IP', 'Chrome 8', 'Windows 10', '0', '登录成功', '2021-03-05 17:58:39');
INSERT INTO `sys_logininfor` VALUES (102, 'admin', '127.0.0.1', '内网IP', 'Chrome 8', 'Windows 10', '0', '登录成功', '2021-03-05 18:16:10');

-- ----------------------------
-- Table structure for sys_menu
-- ----------------------------
DROP TABLE IF EXISTS `sys_menu`;
CREATE TABLE `sys_menu`  (
  `menu_id` bigint(20) NOT NULL AUTO_INCREMENT COMMENT '菜单ID',
  `menu_name` varchar(50) CHARACTER SET utf8 COLLATE utf8_general_ci NOT NULL COMMENT '菜单名称',
  `parent_id` bigint(20) NULL DEFAULT 0 COMMENT '父菜单ID',
  `order_num` int(4) NULL DEFAULT 0 COMMENT '显示顺序',
  `path` varchar(200) CHARACTER SET utf8 COLLATE utf8_general_ci NULL DEFAULT '' COMMENT '路由地址',
  `component` varchar(255) CHARACTER SET utf8 COLLATE utf8_general_ci NULL DEFAULT NULL COMMENT '组件路径',
  `is_frame` int(1) NULL DEFAULT 1 COMMENT '是否为外链（0是 1否）',
  `is_cache` int(1) NULL DEFAULT 0 COMMENT '是否缓存（0缓存 1不缓存）',
  `menu_type` char(1) CHARACTER SET utf8 COLLATE utf8_general_ci NULL DEFAULT '' COMMENT '菜单类型（M目录 C菜单 F按钮）',
  `visible` char(1) CHARACTER SET utf8 COLLATE utf8_general_ci NULL DEFAULT '0' COMMENT '菜单状态（0显示 1隐藏）',
  `status` char(1) CHARACTER SET utf8 COLLATE utf8_general_ci NULL DEFAULT '0' COMMENT '菜单状态（0正常 1停用）',
  `perms` varchar(100) CHARACTER SET utf8 COLLATE utf8_general_ci NULL DEFAULT NULL COMMENT '权限标识',
  `icon` varchar(100) CHARACTER SET utf8 COLLATE utf8_general_ci NULL DEFAULT '#' COMMENT '菜单图标',
  `create_by` varchar(64) CHARACTER SET utf8 COLLATE utf8_general_ci NULL DEFAULT '' COMMENT '创建者',
  `create_time` datetime(0) NULL DEFAULT NULL COMMENT '创建时间',
  `update_by` varchar(64) CHARACTER SET utf8 COLLATE utf8_general_ci NULL DEFAULT '' COMMENT '更新者',
  `update_time` datetime(0) NULL DEFAULT NULL COMMENT '更新时间',
  `remark` varchar(500) CHARACTER SET utf8 COLLATE utf8_general_ci NULL DEFAULT '' COMMENT '备注',
  PRIMARY KEY (`menu_id`) USING BTREE
) ENGINE = InnoDB AUTO_INCREMENT = 2072 CHARACTER SET = utf8 COLLATE = utf8_general_ci COMMENT = '菜单权限表' ROW_FORMAT = Dynamic;

-- ----------------------------
-- Records of sys_menu
-- ----------------------------
INSERT INTO `sys_menu` VALUES (1, '系统管理', 0, 1, 'system', NULL, 1, 0, 'M', '0', '0', '', 'system', 'admin', '2021-03-05 11:55:13', '', NULL, '系统管理目录');
INSERT INTO `sys_menu` VALUES (2, '系统监控', 0, 2, 'monitor', NULL, 1, 0, 'M', '0', '0', '', 'monitor', 'admin', '2021-03-05 11:55:13', '', NULL, '系统监控目录');
INSERT INTO `sys_menu` VALUES (3, '系统工具', 0, 3, 'tool', NULL, 1, 0, 'M', '0', '0', '', 'tool', 'admin', '2021-03-05 11:55:13', '', NULL, '系统工具目录');
INSERT INTO `sys_menu` VALUES (100, '用户管理', 1, 1, 'user', 'system/user/index', 1, 0, 'C', '0', '0', 'system:user:list', 'user', 'admin', '2021-03-05 11:55:13', '', NULL, '用户管理菜单');
INSERT INTO `sys_menu` VALUES (101, '角色管理', 1, 2, 'role', 'system/role/index', 1, 0, 'C', '0', '0', 'system:role:list', 'peoples', 'admin', '2021-03-05 11:55:13', '', NULL, '角色管理菜单');
INSERT INTO `sys_menu` VALUES (102, '菜单管理', 1, 3, 'menu', 'system/menu/index', 1, 0, 'C', '0', '0', 'system:menu:list', 'tree-table', 'admin', '2021-03-05 11:55:13', '', NULL, '菜单管理菜单');
INSERT INTO `sys_menu` VALUES (103, '部门管理', 1, 4, 'dept', 'system/dept/index', 1, 0, 'C', '0', '0', 'system:dept:list', 'tree', 'admin', '2021-03-05 11:55:13', '', NULL, '部门管理菜单');
INSERT INTO `sys_menu` VALUES (104, '岗位管理', 1, 5, 'post', 'system/post/index', 1, 0, 'C', '0', '0', 'system:post:list', 'post', 'admin', '2021-03-05 11:55:13', '', NULL, '岗位管理菜单');
INSERT INTO `sys_menu` VALUES (105, '字典管理', 1, 6, 'dict', 'system/dict/index', 1, 0, 'C', '0', '0', 'system:dict:list', 'dict', 'admin', '2021-03-05 11:55:13', '', NULL, '字典管理菜单');
INSERT INTO `sys_menu` VALUES (106, '参数设置', 1, 7, 'config', 'system/config/index', 1, 0, 'C', '0', '0', 'system:config:list', 'edit', 'admin', '2021-03-05 11:55:13', '', NULL, '参数设置菜单');
INSERT INTO `sys_menu` VALUES (107, '通知公告', 1, 8, 'notice', 'system/notice/index', 1, 0, 'C', '0', '0', 'system:notice:list', 'message', 'admin', '2021-03-05 11:55:13', '', NULL, '通知公告菜单');
INSERT INTO `sys_menu` VALUES (108, '日志管理', 1, 9, 'log', '', 1, 0, 'M', '0', '0', '', 'log', 'admin', '2021-03-05 11:55:13', '', NULL, '日志管理菜单');
INSERT INTO `sys_menu` VALUES (109, '在线用户', 2, 1, 'online', 'monitor/online/index', 1, 0, 'C', '0', '0', 'monitor:online:list', 'online', 'admin', '2021-03-05 11:55:13', '', NULL, '在线用户菜单');
INSERT INTO `sys_menu` VALUES (110, '定时任务', 2, 2, 'job', 'monitor/job/index', 1, 0, 'C', '0', '0', 'monitor:job:list', 'job', 'admin', '2021-03-05 11:55:13', '', NULL, '定时任务菜单');
INSERT INTO `sys_menu` VALUES (111, '数据监控', 2, 3, 'druid', 'monitor/druid/index', 1, 0, 'C', '0', '0', 'monitor:druid:list', 'druid', 'admin', '2021-03-05 11:55:13', '', NULL, '数据监控菜单');
INSERT INTO `sys_menu` VALUES (112, '服务监控', 2, 4, 'server', 'monitor/server/index', 1, 0, 'C', '0', '0', 'monitor:server:list', 'server', 'admin', '2021-03-05 11:55:13', '', NULL, '服务监控菜单');
INSERT INTO `sys_menu` VALUES (113, '缓存监控', 2, 5, 'cache', 'monitor/cache/index', 1, 0, 'C', '0', '0', 'monitor:cache:list', 'redis', 'admin', '2021-03-05 11:55:13', '', NULL, '缓存监控菜单');
INSERT INTO `sys_menu` VALUES (114, '表单构建', 3, 1, 'build', 'tool/build/index', 1, 0, 'C', '0', '0', 'tool:build:list', 'build', 'admin', '2021-03-05 11:55:13', '', NULL, '表单构建菜单');
INSERT INTO `sys_menu` VALUES (115, '代码生成', 3, 2, 'gen', 'tool/gen/index', 1, 0, 'C', '0', '0', 'tool:gen:list', 'code', 'admin', '2021-03-05 11:55:13', '', NULL, '代码生成菜单');
INSERT INTO `sys_menu` VALUES (116, '系统接口', 3, 3, 'swagger', 'tool/swagger/index', 1, 0, 'C', '0', '0', 'tool:swagger:list', 'swagger', 'admin', '2021-03-05 11:55:13', '', NULL, '系统接口菜单');
INSERT INTO `sys_menu` VALUES (500, '操作日志', 108, 1, 'operlog', 'monitor/operlog/index', 1, 0, 'C', '0', '0', 'monitor:operlog:list', 'form', 'admin', '2021-03-05 11:55:13', '', NULL, '操作日志菜单');
INSERT INTO `sys_menu` VALUES (501, '登录日志', 108, 2, 'logininfor', 'monitor/logininfor/index', 1, 0, 'C', '0', '0', 'monitor:logininfor:list', 'logininfor', 'admin', '2021-03-05 11:55:13', '', NULL, '登录日志菜单');
INSERT INTO `sys_menu` VALUES (1001, '用户查询', 100, 1, '', '', 1, 0, 'F', '0', '0', 'system:user:query', '#', 'admin', '2021-03-05 11:55:13', '', NULL, '');
INSERT INTO `sys_menu` VALUES (1002, '用户新增', 100, 2, '', '', 1, 0, 'F', '0', '0', 'system:user:add', '#', 'admin', '2021-03-05 11:55:13', '', NULL, '');
INSERT INTO `sys_menu` VALUES (1003, '用户修改', 100, 3, '', '', 1, 0, 'F', '0', '0', 'system:user:edit', '#', 'admin', '2021-03-05 11:55:13', '', NULL, '');
INSERT INTO `sys_menu` VALUES (1004, '用户删除', 100, 4, '', '', 1, 0, 'F', '0', '0', 'system:user:remove', '#', 'admin', '2021-03-05 11:55:13', '', NULL, '');
INSERT INTO `sys_menu` VALUES (1005, '用户导出', 100, 5, '', '', 1, 0, 'F', '0', '0', 'system:user:export', '#', 'admin', '2021-03-05 11:55:13', '', NULL, '');
INSERT INTO `sys_menu` VALUES (1006, '用户导入', 100, 6, '', '', 1, 0, 'F', '0', '0', 'system:user:import', '#', 'admin', '2021-03-05 11:55:13', '', NULL, '');
INSERT INTO `sys_menu` VALUES (1007, '重置密码', 100, 7, '', '', 1, 0, 'F', '0', '0', 'system:user:resetPwd', '#', 'admin', '2021-03-05 11:55:13', '', NULL, '');
INSERT INTO `sys_menu` VALUES (1008, '角色查询', 101, 1, '', '', 1, 0, 'F', '0', '0', 'system:role:query', '#', 'admin', '2021-03-05 11:55:13', '', NULL, '');
INSERT INTO `sys_menu` VALUES (1009, '角色新增', 101, 2, '', '', 1, 0, 'F', '0', '0', 'system:role:add', '#', 'admin', '2021-03-05 11:55:13', '', NULL, '');
INSERT INTO `sys_menu` VALUES (1010, '角色修改', 101, 3, '', '', 1, 0, 'F', '0', '0', 'system:role:edit', '#', 'admin', '2021-03-05 11:55:13', '', NULL, '');
INSERT INTO `sys_menu` VALUES (1011, '角色删除', 101, 4, '', '', 1, 0, 'F', '0', '0', 'system:role:remove', '#', 'admin', '2021-03-05 11:55:13', '', NULL, '');
INSERT INTO `sys_menu` VALUES (1012, '角色导出', 101, 5, '', '', 1, 0, 'F', '0', '0', 'system:role:export', '#', 'admin', '2021-03-05 11:55:13', '', NULL, '');
INSERT INTO `sys_menu` VALUES (1013, '菜单查询', 102, 1, '', '', 1, 0, 'F', '0', '0', 'system:menu:query', '#', 'admin', '2021-03-05 11:55:13', '', NULL, '');
INSERT INTO `sys_menu` VALUES (1014, '菜单新增', 102, 2, '', '', 1, 0, 'F', '0', '0', 'system:menu:add', '#', 'admin', '2021-03-05 11:55:13', '', NULL, '');
INSERT INTO `sys_menu` VALUES (1015, '菜单修改', 102, 3, '', '', 1, 0, 'F', '0', '0', 'system:menu:edit', '#', 'admin', '2021-03-05 11:55:13', '', NULL, '');
INSERT INTO `sys_menu` VALUES (1016, '菜单删除', 102, 4, '', '', 1, 0, 'F', '0', '0', 'system:menu:remove', '#', 'admin', '2021-03-05 11:55:13', '', NULL, '');
INSERT INTO `sys_menu` VALUES (1017, '部门查询', 103, 1, '', '', 1, 0, 'F', '0', '0', 'system:dept:query', '#', 'admin', '2021-03-05 11:55:13', '', NULL, '');
INSERT INTO `sys_menu` VALUES (1018, '部门新增', 103, 2, '', '', 1, 0, 'F', '0', '0', 'system:dept:add', '#', 'admin', '2021-03-05 11:55:13', '', NULL, '');
INSERT INTO `sys_menu` VALUES (1019, '部门修改', 103, 3, '', '', 1, 0, 'F', '0', '0', 'system:dept:edit', '#', 'admin', '2021-03-05 11:55:13', '', NULL, '');
INSERT INTO `sys_menu` VALUES (1020, '部门删除', 103, 4, '', '', 1, 0, 'F', '0', '0', 'system:dept:remove', '#', 'admin', '2021-03-05 11:55:13', '', NULL, '');
INSERT INTO `sys_menu` VALUES (1021, '岗位查询', 104, 1, '', '', 1, 0, 'F', '0', '0', 'system:post:query', '#', 'admin', '2021-03-05 11:55:13', '', NULL, '');
INSERT INTO `sys_menu` VALUES (1022, '岗位新增', 104, 2, '', '', 1, 0, 'F', '0', '0', 'system:post:add', '#', 'admin', '2021-03-05 11:55:13', '', NULL, '');
INSERT INTO `sys_menu` VALUES (1023, '岗位修改', 104, 3, '', '', 1, 0, 'F', '0', '0', 'system:post:edit', '#', 'admin', '2021-03-05 11:55:13', '', NULL, '');
INSERT INTO `sys_menu` VALUES (1024, '岗位删除', 104, 4, '', '', 1, 0, 'F', '0', '0', 'system:post:remove', '#', 'admin', '2021-03-05 11:55:13', '', NULL, '');
INSERT INTO `sys_menu` VALUES (1025, '岗位导出', 104, 5, '', '', 1, 0, 'F', '0', '0', 'system:post:export', '#', 'admin', '2021-03-05 11:55:13', '', NULL, '');
INSERT INTO `sys_menu` VALUES (1026, '字典查询', 105, 1, '#', '', 1, 0, 'F', '0', '0', 'system:dict:query', '#', 'admin', '2021-03-05 11:55:13', '', NULL, '');
INSERT INTO `sys_menu` VALUES (1027, '字典新增', 105, 2, '#', '', 1, 0, 'F', '0', '0', 'system:dict:add', '#', 'admin', '2021-03-05 11:55:13', '', NULL, '');
INSERT INTO `sys_menu` VALUES (1028, '字典修改', 105, 3, '#', '', 1, 0, 'F', '0', '0', 'system:dict:edit', '#', 'admin', '2021-03-05 11:55:13', '', NULL, '');
INSERT INTO `sys_menu` VALUES (1029, '字典删除', 105, 4, '#', '', 1, 0, 'F', '0', '0', 'system:dict:remove', '#', 'admin', '2021-03-05 11:55:13', '', NULL, '');
INSERT INTO `sys_menu` VALUES (1030, '字典导出', 105, 5, '#', '', 1, 0, 'F', '0', '0', 'system:dict:export', '#', 'admin', '2021-03-05 11:55:13', '', NULL, '');
INSERT INTO `sys_menu` VALUES (1031, '参数查询', 106, 1, '#', '', 1, 0, 'F', '0', '0', 'system:config:query', '#', 'admin', '2021-03-05 11:55:13', '', NULL, '');
INSERT INTO `sys_menu` VALUES (1032, '参数新增', 106, 2, '#', '', 1, 0, 'F', '0', '0', 'system:config:add', '#', 'admin', '2021-03-05 11:55:13', '', NULL, '');
INSERT INTO `sys_menu` VALUES (1033, '参数修改', 106, 3, '#', '', 1, 0, 'F', '0', '0', 'system:config:edit', '#', 'admin', '2021-03-05 11:55:13', '', NULL, '');
INSERT INTO `sys_menu` VALUES (1034, '参数删除', 106, 4, '#', '', 1, 0, 'F', '0', '0', 'system:config:remove', '#', 'admin', '2021-03-05 11:55:13', '', NULL, '');
INSERT INTO `sys_menu` VALUES (1035, '参数导出', 106, 5, '#', '', 1, 0, 'F', '0', '0', 'system:config:export', '#', 'admin', '2021-03-05 11:55:13', '', NULL, '');
INSERT INTO `sys_menu` VALUES (1036, '公告查询', 107, 1, '#', '', 1, 0, 'F', '0', '0', 'system:notice:query', '#', 'admin', '2021-03-05 11:55:13', '', NULL, '');
INSERT INTO `sys_menu` VALUES (1037, '公告新增', 107, 2, '#', '', 1, 0, 'F', '0', '0', 'system:notice:add', '#', 'admin', '2021-03-05 11:55:13', '', NULL, '');
INSERT INTO `sys_menu` VALUES (1038, '公告修改', 107, 3, '#', '', 1, 0, 'F', '0', '0', 'system:notice:edit', '#', 'admin', '2021-03-05 11:55:13', '', NULL, '');
INSERT INTO `sys_menu` VALUES (1039, '公告删除', 107, 4, '#', '', 1, 0, 'F', '0', '0', 'system:notice:remove', '#', 'admin', '2021-03-05 11:55:13', '', NULL, '');
INSERT INTO `sys_menu` VALUES (1040, '操作查询', 500, 1, '#', '', 1, 0, 'F', '0', '0', 'monitor:operlog:query', '#', 'admin', '2021-03-05 11:55:13', '', NULL, '');
INSERT INTO `sys_menu` VALUES (1041, '操作删除', 500, 2, '#', '', 1, 0, 'F', '0', '0', 'monitor:operlog:remove', '#', 'admin', '2021-03-05 11:55:13', '', NULL, '');
INSERT INTO `sys_menu` VALUES (1042, '日志导出', 500, 4, '#', '', 1, 0, 'F', '0', '0', 'monitor:operlog:export', '#', 'admin', '2021-03-05 11:55:13', '', NULL, '');
INSERT INTO `sys_menu` VALUES (1043, '登录查询', 501, 1, '#', '', 1, 0, 'F', '0', '0', 'monitor:logininfor:query', '#', 'admin', '2021-03-05 11:55:13', '', NULL, '');
INSERT INTO `sys_menu` VALUES (1044, '登录删除', 501, 2, '#', '', 1, 0, 'F', '0', '0', 'monitor:logininfor:remove', '#', 'admin', '2021-03-05 11:55:13', '', NULL, '');
INSERT INTO `sys_menu` VALUES (1045, '日志导出', 501, 3, '#', '', 1, 0, 'F', '0', '0', 'monitor:logininfor:export', '#', 'admin', '2021-03-05 11:55:13', '', NULL, '');
INSERT INTO `sys_menu` VALUES (1046, '在线查询', 109, 1, '#', '', 1, 0, 'F', '0', '0', 'monitor:online:query', '#', 'admin', '2021-03-05 11:55:13', '', NULL, '');
INSERT INTO `sys_menu` VALUES (1047, '批量强退', 109, 2, '#', '', 1, 0, 'F', '0', '0', 'monitor:online:batchLogout', '#', 'admin', '2021-03-05 11:55:13', '', NULL, '');
INSERT INTO `sys_menu` VALUES (1048, '单条强退', 109, 3, '#', '', 1, 0, 'F', '0', '0', 'monitor:online:forceLogout', '#', 'admin', '2021-03-05 11:55:13', '', NULL, '');
INSERT INTO `sys_menu` VALUES (1049, '任务查询', 110, 1, '#', '', 1, 0, 'F', '0', '0', 'monitor:job:query', '#', 'admin', '2021-03-05 11:55:13', '', NULL, '');
INSERT INTO `sys_menu` VALUES (1050, '任务新增', 110, 2, '#', '', 1, 0, 'F', '0', '0', 'monitor:job:add', '#', 'admin', '2021-03-05 11:55:13', '', NULL, '');
INSERT INTO `sys_menu` VALUES (1051, '任务修改', 110, 3, '#', '', 1, 0, 'F', '0', '0', 'monitor:job:edit', '#', 'admin', '2021-03-05 11:55:13', '', NULL, '');
INSERT INTO `sys_menu` VALUES (1052, '任务删除', 110, 4, '#', '', 1, 0, 'F', '0', '0', 'monitor:job:remove', '#', 'admin', '2021-03-05 11:55:13', '', NULL, '');
INSERT INTO `sys_menu` VALUES (1053, '状态修改', 110, 5, '#', '', 1, 0, 'F', '0', '0', 'monitor:job:changeStatus', '#', 'admin', '2021-03-05 11:55:13', '', NULL, '');
INSERT INTO `sys_menu` VALUES (1054, '任务导出', 110, 7, '#', '', 1, 0, 'F', '0', '0', 'monitor:job:export', '#', 'admin', '2021-03-05 11:55:13', '', NULL, '');
INSERT INTO `sys_menu` VALUES (1055, '生成查询', 115, 1, '#', '', 1, 0, 'F', '0', '0', 'tool:gen:query', '#', 'admin', '2021-03-05 11:55:13', '', NULL, '');
INSERT INTO `sys_menu` VALUES (1056, '生成修改', 115, 2, '#', '', 1, 0, 'F', '0', '0', 'tool:gen:edit', '#', 'admin', '2021-03-05 11:55:13', '', NULL, '');
INSERT INTO `sys_menu` VALUES (1057, '生成删除', 115, 3, '#', '', 1, 0, 'F', '0', '0', 'tool:gen:remove', '#', 'admin', '2021-03-05 11:55:13', '', NULL, '');
INSERT INTO `sys_menu` VALUES (1058, '导入代码', 115, 2, '#', '', 1, 0, 'F', '0', '0', 'tool:gen:import', '#', 'admin', '2021-03-05 11:55:13', '', NULL, '');
INSERT INTO `sys_menu` VALUES (1059, '预览代码', 115, 4, '#', '', 1, 0, 'F', '0', '0', 'tool:gen:preview', '#', 'admin', '2021-03-05 11:55:13', '', NULL, '');
INSERT INTO `sys_menu` VALUES (1060, '生成代码', 115, 5, '#', '', 1, 0, 'F', '0', '0', 'tool:gen:code', '#', 'admin', '2021-03-05 11:55:13', '', NULL, '');
INSERT INTO `sys_menu` VALUES (2000, '波场配置', 0, 1, 'config', NULL, 1, 0, 'M', '0', '0', '', 'form', 'admin', '2021-03-05 15:36:30', 'admin', '2021-03-05 15:37:00', '');
INSERT INTO `sys_menu` VALUES (2001, '币种设置', 2000, 1, 'cointype', NULL, 1, 0, 'M', '0', '0', NULL, 'money', 'admin', '2021-03-05 15:38:04', '', NULL, '');
INSERT INTO `sys_menu` VALUES (2002, '系统地址', 2000, 2, 'system', NULL, 1, 0, 'M', '0', '0', '', 'cascader', 'admin', '2021-03-05 15:39:14', 'admin', '2021-03-05 15:39:26', '');
INSERT INTO `sys_menu` VALUES (2003, '充值管理', 0, 4, 'recharge', NULL, 1, 0, 'M', '0', '0', '', 'guide', 'admin', '2021-03-05 15:41:27', 'admin', '2021-03-05 15:43:54', '');
INSERT INTO `sys_menu` VALUES (2004, '提现管理', 0, 5, 'withdraw', NULL, 1, 0, 'M', '0', '0', '', 'upload', 'admin', '2021-03-05 15:42:21', 'admin', '2021-03-05 15:44:02', '');
INSERT INTO `sys_menu` VALUES (2005, '消耗管理', 0, 6, 'consume', NULL, 1, 0, 'M', '0', '0', NULL, 'exit-fullscreen', 'admin', '2021-03-05 16:00:13', '', NULL, '');
INSERT INTO `sys_menu` VALUES (2006, '地址管理', 2003, 1, 'address', 'tron/address/index', 1, 0, 'C', '0', '0', 'tron:address:list', '#', 'admin', '2021-03-05 18:40:11', '', NULL, '地址管理菜单');
INSERT INTO `sys_menu` VALUES (2007, '地址管理查询', 2006, 1, '#', '', 1, 0, 'F', '0', '0', 'tron:address:query', '#', 'admin', '2021-03-05 18:40:11', '', NULL, '');
INSERT INTO `sys_menu` VALUES (2008, '地址管理新增', 2006, 2, '#', '', 1, 0, 'F', '0', '0', 'tron:address:add', '#', 'admin', '2021-03-05 18:40:11', '', NULL, '');
INSERT INTO `sys_menu` VALUES (2009, '地址管理修改', 2006, 3, '#', '', 1, 0, 'F', '0', '0', 'tron:address:edit', '#', 'admin', '2021-03-05 18:40:11', '', NULL, '');
INSERT INTO `sys_menu` VALUES (2010, '地址管理删除', 2006, 4, '#', '', 1, 0, 'F', '0', '0', 'tron:address:remove', '#', 'admin', '2021-03-05 18:40:11', '', NULL, '');
INSERT INTO `sys_menu` VALUES (2011, '地址管理导出', 2006, 5, '#', '', 1, 0, 'F', '0', '0', 'tron:address:export', '#', 'admin', '2021-03-05 18:40:11', '', NULL, '');
INSERT INTO `sys_menu` VALUES (2012, '区块高度', 2000, 1, 'block-height', 'tron/block-height/index', 1, 0, 'C', '0', '0', 'tron:block-height:list', '#', 'admin', '2021-03-05 18:40:51', '', NULL, '区块高度菜单');
INSERT INTO `sys_menu` VALUES (2013, '区块高度查询', 2012, 1, '#', '', 1, 0, 'F', '0', '0', 'tron:block-height:query', '#', 'admin', '2021-03-05 18:40:51', '', NULL, '');
INSERT INTO `sys_menu` VALUES (2014, '区块高度新增', 2012, 2, '#', '', 1, 0, 'F', '0', '0', 'tron:block-height:add', '#', 'admin', '2021-03-05 18:40:51', '', NULL, '');
INSERT INTO `sys_menu` VALUES (2015, '区块高度修改', 2012, 3, '#', '', 1, 0, 'F', '0', '0', 'tron:block-height:edit', '#', 'admin', '2021-03-05 18:40:51', '', NULL, '');
INSERT INTO `sys_menu` VALUES (2016, '区块高度删除', 2012, 4, '#', '', 1, 0, 'F', '0', '0', 'tron:block-height:remove', '#', 'admin', '2021-03-05 18:40:51', '', NULL, '');
INSERT INTO `sys_menu` VALUES (2017, '区块高度导出', 2012, 5, '#', '', 1, 0, 'F', '0', '0', 'tron:block-height:export', '#', 'admin', '2021-03-05 18:40:51', '', NULL, '');
INSERT INTO `sys_menu` VALUES (2018, '波场链上交互信息', 3, 1, 'chain', 'tron/chain/index', 1, 0, 'C', '0', '0', 'tron:chain:list', '#', 'admin', '2021-03-05 18:40:58', '', NULL, '波场链上交互信息菜单');
INSERT INTO `sys_menu` VALUES (2019, '波场链上交互信息查询', 2018, 1, '#', '', 1, 0, 'F', '0', '0', 'tron:chain:query', '#', 'admin', '2021-03-05 18:40:58', '', NULL, '');
INSERT INTO `sys_menu` VALUES (2020, '波场链上交互信息新增', 2018, 2, '#', '', 1, 0, 'F', '0', '0', 'tron:chain:add', '#', 'admin', '2021-03-05 18:40:58', '', NULL, '');
INSERT INTO `sys_menu` VALUES (2021, '波场链上交互信息修改', 2018, 3, '#', '', 1, 0, 'F', '0', '0', 'tron:chain:edit', '#', 'admin', '2021-03-05 18:40:58', '', NULL, '');
INSERT INTO `sys_menu` VALUES (2022, '波场链上交互信息删除', 2018, 4, '#', '', 1, 0, 'F', '0', '0', 'tron:chain:remove', '#', 'admin', '2021-03-05 18:40:58', '', NULL, '');
INSERT INTO `sys_menu` VALUES (2023, '波场链上交互信息导出', 2018, 5, '#', '', 1, 0, 'F', '0', '0', 'tron:chain:export', '#', 'admin', '2021-03-05 18:40:58', '', NULL, '');
INSERT INTO `sys_menu` VALUES (2024, '币种管理', 2000, 1, 'cointype', 'tron/cointype/index', 1, 0, 'C', '0', '0', 'tron:cointype:list', '#', 'admin', '2021-03-05 18:41:06', '', NULL, '币种管理菜单');
INSERT INTO `sys_menu` VALUES (2025, '币种管理查询', 2024, 1, '#', '', 1, 0, 'F', '0', '0', 'tron:cointype:query', '#', 'admin', '2021-03-05 18:41:06', '', NULL, '');
INSERT INTO `sys_menu` VALUES (2026, '币种管理新增', 2024, 2, '#', '', 1, 0, 'F', '0', '0', 'tron:cointype:add', '#', 'admin', '2021-03-05 18:41:06', '', NULL, '');
INSERT INTO `sys_menu` VALUES (2027, '币种管理修改', 2024, 3, '#', '', 1, 0, 'F', '0', '0', 'tron:cointype:edit', '#', 'admin', '2021-03-05 18:41:06', '', NULL, '');
INSERT INTO `sys_menu` VALUES (2028, '币种管理删除', 2024, 4, '#', '', 1, 0, 'F', '0', '0', 'tron:cointype:remove', '#', 'admin', '2021-03-05 18:41:06', '', NULL, '');
INSERT INTO `sys_menu` VALUES (2029, '币种管理导出', 2024, 5, '#', '', 1, 0, 'F', '0', '0', 'tron:cointype:export', '#', 'admin', '2021-03-05 18:41:06', '', NULL, '');
INSERT INTO `sys_menu` VALUES (2030, '归集记录', 2003, 1, 'collect', 'tron/collect/index', 1, 0, 'C', '0', '0', 'tron:collect:list', '#', 'admin', '2021-03-05 18:41:12', '', NULL, '归集记录菜单');
INSERT INTO `sys_menu` VALUES (2031, '归集记录查询', 2030, 1, '#', '', 1, 0, 'F', '0', '0', 'tron:collect:query', '#', 'admin', '2021-03-05 18:41:12', '', NULL, '');
INSERT INTO `sys_menu` VALUES (2032, '归集记录新增', 2030, 2, '#', '', 1, 0, 'F', '0', '0', 'tron:collect:add', '#', 'admin', '2021-03-05 18:41:12', '', NULL, '');
INSERT INTO `sys_menu` VALUES (2033, '归集记录修改', 2030, 3, '#', '', 1, 0, 'F', '0', '0', 'tron:collect:edit', '#', 'admin', '2021-03-05 18:41:12', '', NULL, '');
INSERT INTO `sys_menu` VALUES (2034, '归集记录删除', 2030, 4, '#', '', 1, 0, 'F', '0', '0', 'tron:collect:remove', '#', 'admin', '2021-03-05 18:41:12', '', NULL, '');
INSERT INTO `sys_menu` VALUES (2035, '归集记录导出', 2030, 5, '#', '', 1, 0, 'F', '0', '0', 'tron:collect:export', '#', 'admin', '2021-03-05 18:41:12', '', NULL, '');
INSERT INTO `sys_menu` VALUES (2036, '消耗记录', 2005, 1, 'consume', 'tron/consume/index', 1, 0, 'C', '0', '0', 'tron:consume:list', '#', 'admin', '2021-03-05 18:41:38', '', NULL, '消耗记录菜单');
INSERT INTO `sys_menu` VALUES (2037, '消耗记录查询', 2036, 1, '#', '', 1, 0, 'F', '0', '0', 'tron:consume:query', '#', 'admin', '2021-03-05 18:41:38', '', NULL, '');
INSERT INTO `sys_menu` VALUES (2038, '消耗记录新增', 2036, 2, '#', '', 1, 0, 'F', '0', '0', 'tron:consume:add', '#', 'admin', '2021-03-05 18:41:38', '', NULL, '');
INSERT INTO `sys_menu` VALUES (2039, '消耗记录修改', 2036, 3, '#', '', 1, 0, 'F', '0', '0', 'tron:consume:edit', '#', 'admin', '2021-03-05 18:41:38', '', NULL, '');
INSERT INTO `sys_menu` VALUES (2040, '消耗记录删除', 2036, 4, '#', '', 1, 0, 'F', '0', '0', 'tron:consume:remove', '#', 'admin', '2021-03-05 18:41:38', '', NULL, '');
INSERT INTO `sys_menu` VALUES (2041, '消耗记录导出', 2036, 5, '#', '', 1, 0, 'F', '0', '0', 'tron:consume:export', '#', 'admin', '2021-03-05 18:41:38', '', NULL, '');
INSERT INTO `sys_menu` VALUES (2042, '充值记录', 2003, 1, 'recharge', 'tron/recharge/index', 1, 0, 'C', '0', '0', 'tron:recharge:list', '#', 'admin', '2021-03-05 18:41:45', '', NULL, '充值记录菜单');
INSERT INTO `sys_menu` VALUES (2043, '充值记录查询', 2042, 1, '#', '', 1, 0, 'F', '0', '0', 'tron:recharge:query', '#', 'admin', '2021-03-05 18:41:45', '', NULL, '');
INSERT INTO `sys_menu` VALUES (2044, '充值记录新增', 2042, 2, '#', '', 1, 0, 'F', '0', '0', 'tron:recharge:add', '#', 'admin', '2021-03-05 18:41:45', '', NULL, '');
INSERT INTO `sys_menu` VALUES (2045, '充值记录修改', 2042, 3, '#', '', 1, 0, 'F', '0', '0', 'tron:recharge:edit', '#', 'admin', '2021-03-05 18:41:45', '', NULL, '');
INSERT INTO `sys_menu` VALUES (2046, '充值记录删除', 2042, 4, '#', '', 1, 0, 'F', '0', '0', 'tron:recharge:remove', '#', 'admin', '2021-03-05 18:41:45', '', NULL, '');
INSERT INTO `sys_menu` VALUES (2047, '充值记录导出', 2042, 5, '#', '', 1, 0, 'F', '0', '0', 'tron:recharge:export', '#', 'admin', '2021-03-05 18:41:45', '', NULL, '');
INSERT INTO `sys_menu` VALUES (2048, '系统地址', 2000, 1, 'sysaddress', 'tron/sysaddress/index', 1, 0, 'C', '0', '0', 'tron:sysaddress:list', '#', 'admin', '2021-03-05 18:41:51', '', NULL, '系统地址菜单');
INSERT INTO `sys_menu` VALUES (2049, '系统地址查询', 2048, 1, '#', '', 1, 0, 'F', '0', '0', 'tron:sysaddress:query', '#', 'admin', '2021-03-05 18:41:51', '', NULL, '');
INSERT INTO `sys_menu` VALUES (2050, '系统地址新增', 2048, 2, '#', '', 1, 0, 'F', '0', '0', 'tron:sysaddress:add', '#', 'admin', '2021-03-05 18:41:51', '', NULL, '');
INSERT INTO `sys_menu` VALUES (2051, '系统地址修改', 2048, 3, '#', '', 1, 0, 'F', '0', '0', 'tron:sysaddress:edit', '#', 'admin', '2021-03-05 18:41:51', '', NULL, '');
INSERT INTO `sys_menu` VALUES (2052, '系统地址删除', 2048, 4, '#', '', 1, 0, 'F', '0', '0', 'tron:sysaddress:remove', '#', 'admin', '2021-03-05 18:41:51', '', NULL, '');
INSERT INTO `sys_menu` VALUES (2053, '系统地址导出', 2048, 5, '#', '', 1, 0, 'F', '0', '0', 'tron:sysaddress:export', '#', 'admin', '2021-03-05 18:41:51', '', NULL, '');
INSERT INTO `sys_menu` VALUES (2054, '冻结解冻记录', 2005, 1, 'unfreeze', 'tron/unfreeze/index', 1, 0, 'C', '0', '0', 'tron:unfreeze:list', '#', 'admin', '2021-03-05 18:41:56', '', NULL, '冻结解冻记录菜单');
INSERT INTO `sys_menu` VALUES (2055, '冻结解冻记录查询', 2054, 1, '#', '', 1, 0, 'F', '0', '0', 'tron:unfreeze:query', '#', 'admin', '2021-03-05 18:41:56', '', NULL, '');
INSERT INTO `sys_menu` VALUES (2056, '冻结解冻记录新增', 2054, 2, '#', '', 1, 0, 'F', '0', '0', 'tron:unfreeze:add', '#', 'admin', '2021-03-05 18:41:56', '', NULL, '');
INSERT INTO `sys_menu` VALUES (2057, '冻结解冻记录修改', 2054, 3, '#', '', 1, 0, 'F', '0', '0', 'tron:unfreeze:edit', '#', 'admin', '2021-03-05 18:41:56', '', NULL, '');
INSERT INTO `sys_menu` VALUES (2058, '冻结解冻记录删除', 2054, 4, '#', '', 1, 0, 'F', '0', '0', 'tron:unfreeze:remove', '#', 'admin', '2021-03-05 18:41:56', '', NULL, '');
INSERT INTO `sys_menu` VALUES (2059, '冻结解冻记录导出', 2054, 5, '#', '', 1, 0, 'F', '0', '0', 'tron:unfreeze:export', '#', 'admin', '2021-03-05 18:41:56', '', NULL, '');
INSERT INTO `sys_menu` VALUES (2060, '提现记录', 2004, 1, 'withdraw', 'tron/withdraw/index', 1, 0, 'C', '0', '0', 'tron:withdraw:list', '#', 'admin', '2021-03-05 18:42:02', '', NULL, '提现记录菜单');
INSERT INTO `sys_menu` VALUES (2061, '提现记录查询', 2060, 1, '#', '', 1, 0, 'F', '0', '0', 'tron:withdraw:query', '#', 'admin', '2021-03-05 18:42:02', '', NULL, '');
INSERT INTO `sys_menu` VALUES (2062, '提现记录新增', 2060, 2, '#', '', 1, 0, 'F', '0', '0', 'tron:withdraw:add', '#', 'admin', '2021-03-05 18:42:02', '', NULL, '');
INSERT INTO `sys_menu` VALUES (2063, '提现记录修改', 2060, 3, '#', '', 1, 0, 'F', '0', '0', 'tron:withdraw:edit', '#', 'admin', '2021-03-05 18:42:02', '', NULL, '');
INSERT INTO `sys_menu` VALUES (2064, '提现记录删除', 2060, 4, '#', '', 1, 0, 'F', '0', '0', 'tron:withdraw:remove', '#', 'admin', '2021-03-05 18:42:02', '', NULL, '');
INSERT INTO `sys_menu` VALUES (2065, '提现记录导出', 2060, 5, '#', '', 1, 0, 'F', '0', '0', 'tron:withdraw:export', '#', 'admin', '2021-03-05 18:42:02', '', NULL, '');
INSERT INTO `sys_menu` VALUES (2066, '区块高度', 2000, 1, 'blockheight', 'tron/blockheight/index', 1, 0, 'C', '0', '0', 'tron:blockheight:list', '#', 'admin', '2021-03-05 18:57:13', '', NULL, '区块高度菜单');
INSERT INTO `sys_menu` VALUES (2067, '区块高度查询', 2066, 1, '#', '', 1, 0, 'F', '0', '0', 'tron:blockheight:query', '#', 'admin', '2021-03-05 18:57:13', '', NULL, '');
INSERT INTO `sys_menu` VALUES (2068, '区块高度新增', 2066, 2, '#', '', 1, 0, 'F', '0', '0', 'tron:blockheight:add', '#', 'admin', '2021-03-05 18:57:13', '', NULL, '');
INSERT INTO `sys_menu` VALUES (2069, '区块高度修改', 2066, 3, '#', '', 1, 0, 'F', '0', '0', 'tron:blockheight:edit', '#', 'admin', '2021-03-05 18:57:13', '', NULL, '');
INSERT INTO `sys_menu` VALUES (2070, '区块高度删除', 2066, 4, '#', '', 1, 0, 'F', '0', '0', 'tron:blockheight:remove', '#', 'admin', '2021-03-05 18:57:13', '', NULL, '');
INSERT INTO `sys_menu` VALUES (2071, '区块高度导出', 2066, 5, '#', '', 1, 0, 'F', '0', '0', 'tron:blockheight:export', '#', 'admin', '2021-03-05 18:57:13', '', NULL, '');

-- ----------------------------
-- Table structure for sys_notice
-- ----------------------------
DROP TABLE IF EXISTS `sys_notice`;
CREATE TABLE `sys_notice`  (
  `notice_id` int(4) NOT NULL AUTO_INCREMENT COMMENT '公告ID',
  `notice_title` varchar(50) CHARACTER SET utf8 COLLATE utf8_general_ci NOT NULL COMMENT '公告标题',
  `notice_type` char(1) CHARACTER SET utf8 COLLATE utf8_general_ci NOT NULL COMMENT '公告类型（1通知 2公告）',
  `notice_content` longblob NULL COMMENT '公告内容',
  `status` char(1) CHARACTER SET utf8 COLLATE utf8_general_ci NULL DEFAULT '0' COMMENT '公告状态（0正常 1关闭）',
  `create_by` varchar(64) CHARACTER SET utf8 COLLATE utf8_general_ci NULL DEFAULT '' COMMENT '创建者',
  `create_time` datetime(0) NULL DEFAULT NULL COMMENT '创建时间',
  `update_by` varchar(64) CHARACTER SET utf8 COLLATE utf8_general_ci NULL DEFAULT '' COMMENT '更新者',
  `update_time` datetime(0) NULL DEFAULT NULL COMMENT '更新时间',
  `remark` varchar(255) CHARACTER SET utf8 COLLATE utf8_general_ci NULL DEFAULT NULL COMMENT '备注',
  PRIMARY KEY (`notice_id`) USING BTREE
) ENGINE = InnoDB AUTO_INCREMENT = 10 CHARACTER SET = utf8 COLLATE = utf8_general_ci COMMENT = '通知公告表' ROW_FORMAT = Dynamic;

-- ----------------------------
-- Records of sys_notice
-- ----------------------------
INSERT INTO `sys_notice` VALUES (1, '温馨提醒：2018-07-01 若依新版本发布啦', '2', 0xE696B0E78988E69CACE58685E5AEB9, '0', 'admin', '2021-03-05 11:55:14', '', NULL, '管理员');
INSERT INTO `sys_notice` VALUES (2, '维护通知：2018-07-01 若依系统凌晨维护', '1', 0xE7BBB4E68AA4E58685E5AEB9, '0', 'admin', '2021-03-05 11:55:14', '', NULL, '管理员');

-- ----------------------------
-- Table structure for sys_oper_log
-- ----------------------------
DROP TABLE IF EXISTS `sys_oper_log`;
CREATE TABLE `sys_oper_log`  (
  `oper_id` bigint(20) NOT NULL AUTO_INCREMENT COMMENT '日志主键',
  `title` varchar(50) CHARACTER SET utf8 COLLATE utf8_general_ci NULL DEFAULT '' COMMENT '模块标题',
  `business_type` int(2) NULL DEFAULT 0 COMMENT '业务类型（0其它 1新增 2修改 3删除）',
  `method` varchar(100) CHARACTER SET utf8 COLLATE utf8_general_ci NULL DEFAULT '' COMMENT '方法名称',
  `request_method` varchar(10) CHARACTER SET utf8 COLLATE utf8_general_ci NULL DEFAULT '' COMMENT '请求方式',
  `operator_type` int(1) NULL DEFAULT 0 COMMENT '操作类别（0其它 1后台用户 2手机端用户）',
  `oper_name` varchar(50) CHARACTER SET utf8 COLLATE utf8_general_ci NULL DEFAULT '' COMMENT '操作人员',
  `dept_name` varchar(50) CHARACTER SET utf8 COLLATE utf8_general_ci NULL DEFAULT '' COMMENT '部门名称',
  `oper_url` varchar(255) CHARACTER SET utf8 COLLATE utf8_general_ci NULL DEFAULT '' COMMENT '请求URL',
  `oper_ip` varchar(128) CHARACTER SET utf8 COLLATE utf8_general_ci NULL DEFAULT '' COMMENT '主机地址',
  `oper_location` varchar(255) CHARACTER SET utf8 COLLATE utf8_general_ci NULL DEFAULT '' COMMENT '操作地点',
  `oper_param` varchar(2000) CHARACTER SET utf8 COLLATE utf8_general_ci NULL DEFAULT '' COMMENT '请求参数',
  `json_result` varchar(2000) CHARACTER SET utf8 COLLATE utf8_general_ci NULL DEFAULT '' COMMENT '返回参数',
  `status` int(1) NULL DEFAULT 0 COMMENT '操作状态（0正常 1异常）',
  `error_msg` varchar(2000) CHARACTER SET utf8 COLLATE utf8_general_ci NULL DEFAULT '' COMMENT '错误消息',
  `oper_time` datetime(0) NULL DEFAULT NULL COMMENT '操作时间',
  PRIMARY KEY (`oper_id`) USING BTREE
) ENGINE = InnoDB AUTO_INCREMENT = 148 CHARACTER SET = utf8 COLLATE = utf8_general_ci COMMENT = '操作日志记录' ROW_FORMAT = Dynamic;

-- ----------------------------
-- Records of sys_oper_log
-- ----------------------------
INSERT INTO `sys_oper_log` VALUES (100, '代码生成', 6, 'com.ruoyi.generator.controller.GenController.importTableSave()', 'POST', 1, 'admin', NULL, '/tool/gen/importTable', '127.0.0.1', '内网IP', 'tron_address,tron_block,tron_chain_record,tron_coin_type,tron_collect_record,tron_consume_record,tron_recharge_record,tron_system_address,tron_unfreeze_record,tron_withdraw_record', '{\"msg\":\"操作成功\",\"code\":200}', 0, NULL, '2021-03-05 15:26:54');
INSERT INTO `sys_oper_log` VALUES (101, '代码生成', 8, 'com.ruoyi.generator.controller.GenController.batchGenCode()', 'GET', 1, 'admin', NULL, '/tool/gen/batchGenCode', '127.0.0.1', '内网IP', '{}', 'null', 0, NULL, '2021-03-05 15:27:03');
INSERT INTO `sys_oper_log` VALUES (102, '菜单管理', 1, 'com.ruoyi.web.controller.system.SysMenuController.add()', 'POST', 1, 'admin', NULL, '/system/menu', '127.0.0.1', '内网IP', '{\"visible\":\"0\",\"icon\":\"form\",\"orderNum\":\"1\",\"menuName\":\"波场配置\",\"params\":{},\"parentId\":0,\"isCache\":\"0\",\"path\":\"/pages/tron/config\",\"createBy\":\"admin\",\"children\":[],\"isFrame\":\"1\",\"menuType\":\"M\",\"status\":\"0\"}', '{\"msg\":\"操作成功\",\"code\":200}', 0, NULL, '2021-03-05 15:36:30');
INSERT INTO `sys_oper_log` VALUES (103, '菜单管理', 2, 'com.ruoyi.web.controller.system.SysMenuController.edit()', 'PUT', 1, 'admin', NULL, '/system/menu', '127.0.0.1', '内网IP', '{\"visible\":\"0\",\"icon\":\"form\",\"orderNum\":\"1\",\"menuName\":\"波场配置\",\"params\":{},\"parentId\":0,\"isCache\":\"0\",\"path\":\"config\",\"children\":[],\"createTime\":1614929790000,\"updateBy\":\"admin\",\"isFrame\":\"1\",\"menuId\":2000,\"menuType\":\"M\",\"perms\":\"\",\"status\":\"0\"}', '{\"msg\":\"操作成功\",\"code\":200}', 0, NULL, '2021-03-05 15:37:00');
INSERT INTO `sys_oper_log` VALUES (104, '菜单管理', 1, 'com.ruoyi.web.controller.system.SysMenuController.add()', 'POST', 1, 'admin', NULL, '/system/menu', '127.0.0.1', '内网IP', '{\"visible\":\"0\",\"icon\":\"money\",\"orderNum\":\"1\",\"menuName\":\"币种设置\",\"params\":{},\"parentId\":2000,\"isCache\":\"0\",\"path\":\"cointype\",\"createBy\":\"admin\",\"children\":[],\"isFrame\":\"1\",\"menuType\":\"M\",\"status\":\"0\"}', '{\"msg\":\"操作成功\",\"code\":200}', 0, NULL, '2021-03-05 15:38:04');
INSERT INTO `sys_oper_log` VALUES (105, '菜单管理', 1, 'com.ruoyi.web.controller.system.SysMenuController.add()', 'POST', 1, 'admin', NULL, '/system/menu', '127.0.0.1', '内网IP', '{\"visible\":\"0\",\"icon\":\"cascader\",\"orderNum\":\"2\",\"menuName\":\"系统地址\",\"params\":{},\"parentId\":2001,\"isCache\":\"0\",\"path\":\"system\",\"createBy\":\"admin\",\"children\":[],\"isFrame\":\"1\",\"menuType\":\"M\",\"status\":\"0\"}', '{\"msg\":\"操作成功\",\"code\":200}', 0, NULL, '2021-03-05 15:39:14');
INSERT INTO `sys_oper_log` VALUES (106, '菜单管理', 2, 'com.ruoyi.web.controller.system.SysMenuController.edit()', 'PUT', 1, 'admin', NULL, '/system/menu', '127.0.0.1', '内网IP', '{\"visible\":\"0\",\"icon\":\"cascader\",\"orderNum\":\"2\",\"menuName\":\"系统地址\",\"params\":{},\"parentId\":2000,\"isCache\":\"0\",\"path\":\"system\",\"children\":[],\"createTime\":1614929954000,\"updateBy\":\"admin\",\"isFrame\":\"1\",\"menuId\":2002,\"menuType\":\"M\",\"perms\":\"\",\"status\":\"0\"}', '{\"msg\":\"操作成功\",\"code\":200}', 0, NULL, '2021-03-05 15:39:26');
INSERT INTO `sys_oper_log` VALUES (107, '菜单管理', 1, 'com.ruoyi.web.controller.system.SysMenuController.add()', 'POST', 1, 'admin', NULL, '/system/menu', '127.0.0.1', '内网IP', '{\"visible\":\"0\",\"icon\":\"guide\",\"orderNum\":\"2\",\"menuName\":\"充值管理\",\"params\":{},\"parentId\":0,\"isCache\":\"0\",\"path\":\"recharge\",\"createBy\":\"admin\",\"children\":[],\"isFrame\":\"1\",\"menuType\":\"M\",\"status\":\"0\"}', '{\"msg\":\"操作成功\",\"code\":200}', 0, NULL, '2021-03-05 15:41:27');
INSERT INTO `sys_oper_log` VALUES (108, '菜单管理', 1, 'com.ruoyi.web.controller.system.SysMenuController.add()', 'POST', 1, 'admin', NULL, '/system/menu', '127.0.0.1', '内网IP', '{\"visible\":\"0\",\"icon\":\"upload\",\"orderNum\":\"3\",\"menuName\":\"提现管理\",\"params\":{},\"parentId\":0,\"isCache\":\"0\",\"path\":\"withdraw\",\"createBy\":\"admin\",\"children\":[],\"isFrame\":\"1\",\"menuType\":\"M\",\"status\":\"0\"}', '{\"msg\":\"操作成功\",\"code\":200}', 0, NULL, '2021-03-05 15:42:21');
INSERT INTO `sys_oper_log` VALUES (109, '菜单管理', 3, 'com.ruoyi.web.controller.system.SysMenuController.remove()', 'DELETE', 1, 'admin', NULL, '/system/menu/4', '127.0.0.1', '内网IP', '{menuId=4}', '{\"msg\":\"菜单已分配,不允许删除\",\"code\":500}', 0, NULL, '2021-03-05 15:42:43');
INSERT INTO `sys_oper_log` VALUES (110, '角色管理', 2, 'com.ruoyi.web.controller.system.SysRoleController.edit()', 'PUT', 1, 'admin', NULL, '/system/role', '127.0.0.1', '内网IP', '{\"flag\":false,\"roleId\":1,\"admin\":true,\"remark\":\"超级管理员\",\"dataScope\":\"1\",\"delFlag\":\"0\",\"params\":{},\"roleSort\":\"1\",\"deptCheckStrictly\":true,\"createTime\":1614916513000,\"menuCheckStrictly\":true,\"roleKey\":\"admin\",\"roleName\":\"超级管理员\",\"menuIds\":[4],\"status\":\"0\"}', 'null', 1, '不允许操作超级管理员角色', '2021-03-05 15:43:11');
INSERT INTO `sys_oper_log` VALUES (111, '角色管理', 2, 'com.ruoyi.web.controller.system.SysRoleController.edit()', 'PUT', 1, 'admin', NULL, '/system/role', '127.0.0.1', '内网IP', '{\"flag\":false,\"roleId\":2,\"admin\":false,\"remark\":\"普通角色\",\"dataScope\":\"2\",\"delFlag\":\"0\",\"params\":{},\"roleSort\":\"2\",\"deptCheckStrictly\":true,\"createTime\":1614916513000,\"updateBy\":\"admin\",\"menuCheckStrictly\":true,\"roleKey\":\"common\",\"roleName\":\"普通角色\",\"menuIds\":[1,100,1001,1002,1003,1004,1005,1006,1007,101,1008,1009,1010,1011,1012,102,1013,1014,1015,1016,103,1017,1018,1019,1020,104,1021,1022,1023,1024,1025,105,1026,1027,1028,1029,1030,106,1031,1032,1033,1034,1035,107,1036,1037,1038,1039,108,500,1040,1041,1042,501,1043,1044,1045,2,109,1046,1047,1048,110,1049,1050,1051,1052,1053,1054,111,112,113,3,114,115,1055,1056,1058,1057,1059,1060,116],\"status\":\"0\"}', '{\"msg\":\"操作成功\",\"code\":200}', 0, NULL, '2021-03-05 15:43:19');
INSERT INTO `sys_oper_log` VALUES (112, '菜单管理', 3, 'com.ruoyi.web.controller.system.SysMenuController.remove()', 'DELETE', 1, 'admin', NULL, '/system/menu/4', '127.0.0.1', '内网IP', '{menuId=4}', '{\"msg\":\"操作成功\",\"code\":200}', 0, NULL, '2021-03-05 15:43:24');
INSERT INTO `sys_oper_log` VALUES (113, '菜单管理', 2, 'com.ruoyi.web.controller.system.SysMenuController.edit()', 'PUT', 1, 'admin', NULL, '/system/menu', '127.0.0.1', '内网IP', '{\"visible\":\"0\",\"icon\":\"guide\",\"orderNum\":\"4\",\"menuName\":\"充值管理\",\"params\":{},\"parentId\":0,\"isCache\":\"0\",\"path\":\"recharge\",\"children\":[],\"createTime\":1614930087000,\"updateBy\":\"admin\",\"isFrame\":\"1\",\"menuId\":2003,\"menuType\":\"M\",\"perms\":\"\",\"status\":\"0\"}', '{\"msg\":\"操作成功\",\"code\":200}', 0, NULL, '2021-03-05 15:43:54');
INSERT INTO `sys_oper_log` VALUES (114, '菜单管理', 2, 'com.ruoyi.web.controller.system.SysMenuController.edit()', 'PUT', 1, 'admin', NULL, '/system/menu', '127.0.0.1', '内网IP', '{\"visible\":\"0\",\"icon\":\"upload\",\"orderNum\":\"5\",\"menuName\":\"提现管理\",\"params\":{},\"parentId\":0,\"isCache\":\"0\",\"path\":\"withdraw\",\"children\":[],\"createTime\":1614930141000,\"updateBy\":\"admin\",\"isFrame\":\"1\",\"menuId\":2004,\"menuType\":\"M\",\"perms\":\"\",\"status\":\"0\"}', '{\"msg\":\"操作成功\",\"code\":200}', 0, NULL, '2021-03-05 15:44:02');
INSERT INTO `sys_oper_log` VALUES (115, '代码生成', 2, 'com.ruoyi.generator.controller.GenController.editSave()', 'PUT', 1, 'admin', NULL, '/tool/gen', '127.0.0.1', '内网IP', '{\"sub\":false,\"functionAuthor\":\"l8oo8l\",\"columns\":[{\"capJavaField\":\"Id\",\"usableColumn\":false,\"columnId\":1,\"isIncrement\":\"1\",\"increment\":true,\"insert\":true,\"dictType\":\"\",\"required\":false,\"superColumn\":false,\"updateBy\":\"\",\"isInsert\":\"1\",\"javaField\":\"id\",\"htmlType\":\"input\",\"edit\":false,\"query\":false,\"sort\":1,\"list\":false,\"params\":{},\"javaType\":\"Long\",\"queryType\":\"EQ\",\"columnType\":\"bigint(11)\",\"createBy\":\"admin\",\"isPk\":\"1\",\"createTime\":1614929214000,\"tableId\":1,\"pk\":true,\"columnName\":\"id\"},{\"capJavaField\":\"UserId\",\"usableColumn\":false,\"columnId\":2,\"isIncrement\":\"0\",\"increment\":false,\"insert\":true,\"isList\":\"1\",\"dictType\":\"\",\"required\":true,\"superColumn\":false,\"updateBy\":\"\",\"isInsert\":\"1\",\"isRequired\":\"1\",\"javaField\":\"userId\",\"htmlType\":\"input\",\"edit\":true,\"query\":true,\"columnComment\":\"用户ID\",\"isQuery\":\"1\",\"sort\":2,\"list\":true,\"params\":{},\"javaType\":\"String\",\"queryType\":\"EQ\",\"columnType\":\"varchar(32)\",\"createBy\":\"admin\",\"isPk\":\"0\",\"createTime\":1614929214000,\"isEdit\":\"1\",\"tableId\":1,\"pk\":false,\"columnName\":\"user_id\"},{\"capJavaField\":\"Address\",\"usableColumn\":false,\"columnId\":3,\"isIncrement\":\"0\",\"increment\":false,\"insert\":true,\"isList\":\"1\",\"dictType\":\"\",\"required\":true,\"superColumn\":false,\"updateBy\":\"\",\"isInsert\":\"1\",\"isRequired\":\"1\",\"javaField\":\"address\",\"htmlType\":\"input\",\"edit\":true,\"query\":true,\"columnComment\":\"地址\",\"isQuery\":\"1\",\"sort\":3,\"list\":true,\"params\":{},\"javaType\":\"String\",\"queryType\":\"EQ\",\"columnType\":\"varchar(64)\",\"createBy\":\"admin\",\"isPk\":\"0\",\"createTime\":1614929214000,\"isEdit\":\"1\",\"tableId\":1,\"pk\":false,\"columnName\":\"address\"},{\"capJavaField\":\"Activated\",\"usableColumn\":false,\"columnId\":4,\"isIncrement\":\"0\",\"increment\":false,\"insert\":true,\"isList\":\"1\",\"dictType\":\"\",\"required\":true,\"superColumn\":false,\"updateBy\":\"\",\"isInsert\":\"1\",\"isRequired\":\"1\",\"javaField\":\"activated\",\"htmlType\":\"input\",\"edit\":true,\"query\":true,\"columnComment\":\"是否已激活，0.未激活，1.已激活\",\"isQuery\":\"1\",\"sort\":4,\"list\":true,\"params\":{},\"javaType\":\"Integer\",\"queryType\":\"EQ\",\"columnType\":\"tinyint(1)\",\"creat', '{\"msg\":\"操作成功\",\"code\":200}', 0, NULL, '2021-03-05 15:49:01');
INSERT INTO `sys_oper_log` VALUES (116, '代码生成', 2, 'com.ruoyi.generator.controller.GenController.editSave()', 'PUT', 1, 'admin', NULL, '/tool/gen', '127.0.0.1', '内网IP', '{\"sub\":false,\"functionAuthor\":\"l8oo8l\",\"columns\":[{\"capJavaField\":\"Block\",\"usableColumn\":false,\"columnId\":8,\"isIncrement\":\"0\",\"increment\":false,\"insert\":true,\"isList\":\"1\",\"dictType\":\"\",\"required\":false,\"superColumn\":false,\"updateBy\":\"\",\"isInsert\":\"1\",\"javaField\":\"block\",\"htmlType\":\"input\",\"edit\":true,\"query\":true,\"columnComment\":\"区块高度\",\"isQuery\":\"1\",\"sort\":1,\"list\":true,\"params\":{},\"javaType\":\"Long\",\"queryType\":\"EQ\",\"columnType\":\"tinyint(20)\",\"createBy\":\"admin\",\"isPk\":\"0\",\"createTime\":1614929214000,\"isEdit\":\"1\",\"tableId\":2,\"pk\":false,\"columnName\":\"block\"}],\"businessName\":\"block-height\",\"moduleName\":\"tron\",\"className\":\"TronBlock\",\"tableName\":\"tron_block\",\"crud\":true,\"options\":\"{\\\"parentMenuId\\\":2000}\",\"genType\":\"0\",\"packageName\":\"com.ruoyi.tron\",\"functionName\":\"区块高度\",\"tree\":false,\"tableComment\":\"区块高度记录表\",\"params\":{\"parentMenuId\":2000},\"tplCategory\":\"crud\",\"parentMenuId\":\"2000\",\"tableId\":2,\"genPath\":\"/\"}', '{\"msg\":\"操作成功\",\"code\":200}', 0, NULL, '2021-03-05 15:50:01');
INSERT INTO `sys_oper_log` VALUES (117, '代码生成', 3, 'com.ruoyi.generator.controller.GenController.remove()', 'DELETE', 1, 'admin', NULL, '/tool/gen/3,4,5,6,7,8,9,10', '127.0.0.1', '内网IP', '{tableIds=3,4,5,6,7,8,9,10}', '{\"msg\":\"操作成功\",\"code\":200}', 0, NULL, '2021-03-05 15:54:31');
INSERT INTO `sys_oper_log` VALUES (118, '代码生成', 6, 'com.ruoyi.generator.controller.GenController.importTableSave()', 'POST', 1, 'admin', NULL, '/tool/gen/importTable', '127.0.0.1', '内网IP', 'tron_chain_record,tron_coin_type,tron_collect_record,tron_consume_record,tron_recharge_record,tron_system_address,tron_unfreeze_record,tron_withdraw_record', '{\"msg\":\"操作成功\",\"code\":200}', 0, NULL, '2021-03-05 15:54:44');
INSERT INTO `sys_oper_log` VALUES (119, '代码生成', 2, 'com.ruoyi.generator.controller.GenController.editSave()', 'PUT', 1, 'admin', NULL, '/tool/gen', '127.0.0.1', '内网IP', '{\"sub\":false,\"functionAuthor\":\"ruoyi\",\"columns\":[{\"capJavaField\":\"Id\",\"usableColumn\":false,\"columnId\":78,\"isIncrement\":\"1\",\"increment\":true,\"insert\":true,\"dictType\":\"\",\"required\":false,\"superColumn\":false,\"updateBy\":\"\",\"isInsert\":\"1\",\"javaField\":\"id\",\"htmlType\":\"input\",\"edit\":false,\"query\":false,\"sort\":1,\"list\":false,\"params\":{},\"javaType\":\"Long\",\"queryType\":\"EQ\",\"columnType\":\"bigint(11)\",\"createBy\":\"admin\",\"isPk\":\"1\",\"createTime\":1614930884000,\"tableId\":11,\"pk\":true,\"columnName\":\"id\"},{\"capJavaField\":\"Type\",\"usableColumn\":false,\"columnId\":79,\"isIncrement\":\"0\",\"increment\":false,\"insert\":true,\"isList\":\"1\",\"dictType\":\"\",\"required\":true,\"superColumn\":false,\"updateBy\":\"\",\"isInsert\":\"1\",\"isRequired\":\"1\",\"javaField\":\"type\",\"htmlType\":\"select\",\"edit\":true,\"query\":true,\"columnComment\":\"类型，1.转账，2.带宽，3流量，4.合约\",\"isQuery\":\"1\",\"sort\":2,\"list\":true,\"params\":{},\"javaType\":\"Integer\",\"queryType\":\"EQ\",\"columnType\":\"tinyint(1)\",\"createBy\":\"admin\",\"isPk\":\"0\",\"createTime\":1614930884000,\"isEdit\":\"1\",\"tableId\":11,\"pk\":false,\"columnName\":\"type\"},{\"capJavaField\":\"Height\",\"usableColumn\":false,\"columnId\":80,\"isIncrement\":\"0\",\"increment\":false,\"insert\":true,\"isList\":\"1\",\"dictType\":\"\",\"required\":true,\"superColumn\":false,\"updateBy\":\"\",\"isInsert\":\"1\",\"isRequired\":\"1\",\"javaField\":\"height\",\"htmlType\":\"input\",\"edit\":true,\"query\":true,\"columnComment\":\"区块高度\",\"isQuery\":\"1\",\"sort\":3,\"list\":true,\"params\":{},\"javaType\":\"Long\",\"queryType\":\"EQ\",\"columnType\":\"bigint(11)\",\"createBy\":\"admin\",\"isPk\":\"0\",\"createTime\":1614930884000,\"isEdit\":\"1\",\"tableId\":11,\"pk\":false,\"columnName\":\"height\"},{\"capJavaField\":\"ContractAddr\",\"usableColumn\":false,\"columnId\":81,\"isIncrement\":\"0\",\"increment\":false,\"insert\":true,\"isList\":\"1\",\"dictType\":\"\",\"required\":false,\"superColumn\":false,\"updateBy\":\"\",\"isInsert\":\"1\",\"javaField\":\"contractAddr\",\"htmlType\":\"input\",\"edit\":true,\"query\":true,\"columnComment\":\"合约地址\",\"isQuery\":\"1\",\"sort\":4,\"list\":true,\"params\":{},\"javaType\":\"String\",\"queryType\":\"EQ\",\"columnType\":\"varchar(64)\",\"createBy\":\"admi', '{\"msg\":\"操作成功\",\"code\":200}', 0, NULL, '2021-03-05 15:55:22');
INSERT INTO `sys_oper_log` VALUES (120, '代码生成', 2, 'com.ruoyi.generator.controller.GenController.editSave()', 'PUT', 1, 'admin', NULL, '/tool/gen', '127.0.0.1', '内网IP', '{\"sub\":false,\"functionAuthor\":\"ruoyi\",\"columns\":[{\"capJavaField\":\"Id\",\"usableColumn\":false,\"columnId\":93,\"isIncrement\":\"1\",\"increment\":true,\"insert\":true,\"dictType\":\"\",\"required\":false,\"superColumn\":false,\"updateBy\":\"\",\"isInsert\":\"1\",\"javaField\":\"id\",\"htmlType\":\"input\",\"edit\":false,\"query\":false,\"sort\":1,\"list\":false,\"params\":{},\"javaType\":\"Long\",\"queryType\":\"EQ\",\"columnType\":\"int(11)\",\"createBy\":\"admin\",\"isPk\":\"1\",\"createTime\":1614930884000,\"tableId\":12,\"pk\":true,\"columnName\":\"id\"},{\"capJavaField\":\"Symbol\",\"usableColumn\":false,\"columnId\":94,\"isIncrement\":\"0\",\"increment\":false,\"insert\":true,\"isList\":\"1\",\"dictType\":\"\",\"required\":true,\"superColumn\":false,\"updateBy\":\"\",\"isInsert\":\"1\",\"isRequired\":\"1\",\"javaField\":\"symbol\",\"htmlType\":\"input\",\"edit\":true,\"query\":true,\"columnComment\":\"代币符号（唯一）\",\"isQuery\":\"1\",\"sort\":2,\"list\":true,\"params\":{},\"javaType\":\"String\",\"queryType\":\"EQ\",\"columnType\":\"varchar(20)\",\"createBy\":\"admin\",\"isPk\":\"0\",\"createTime\":1614930884000,\"isEdit\":\"1\",\"tableId\":12,\"pk\":false,\"columnName\":\"symbol\"},{\"capJavaField\":\"Type\",\"usableColumn\":false,\"columnId\":95,\"isIncrement\":\"0\",\"increment\":false,\"insert\":true,\"isList\":\"1\",\"dictType\":\"\",\"required\":true,\"superColumn\":false,\"updateBy\":\"\",\"isInsert\":\"1\",\"isRequired\":\"1\",\"javaField\":\"type\",\"htmlType\":\"select\",\"edit\":true,\"query\":true,\"columnComment\":\"类型：0.主币,1.TRC10,2.TRC20\",\"isQuery\":\"1\",\"sort\":3,\"list\":true,\"params\":{},\"javaType\":\"Integer\",\"queryType\":\"EQ\",\"columnType\":\"int(2)\",\"createBy\":\"admin\",\"isPk\":\"0\",\"createTime\":1614930884000,\"isEdit\":\"1\",\"tableId\":12,\"pk\":false,\"columnName\":\"type\"},{\"capJavaField\":\"IsMaster\",\"usableColumn\":false,\"columnId\":96,\"isIncrement\":\"0\",\"increment\":false,\"insert\":true,\"isList\":\"1\",\"dictType\":\"\",\"required\":true,\"superColumn\":false,\"updateBy\":\"\",\"isInsert\":\"1\",\"isRequired\":\"1\",\"javaField\":\"isMaster\",\"htmlType\":\"input\",\"edit\":true,\"query\":true,\"columnComment\":\"是否主币\",\"isQuery\":\"1\",\"sort\":4,\"list\":true,\"params\":{},\"javaType\":\"Integer\",\"queryType\":\"EQ\",\"columnType\":\"tinyint(1)\",\"creat', '{\"msg\":\"操作成功\",\"code\":200}', 0, NULL, '2021-03-05 15:55:57');
INSERT INTO `sys_oper_log` VALUES (121, '代码生成', 2, 'com.ruoyi.generator.controller.GenController.editSave()', 'PUT', 1, 'admin', NULL, '/tool/gen', '127.0.0.1', '内网IP', '{\"sub\":false,\"functionAuthor\":\"ruoyi\",\"columns\":[{\"capJavaField\":\"Id\",\"usableColumn\":false,\"columnId\":100,\"isIncrement\":\"1\",\"increment\":true,\"insert\":true,\"dictType\":\"\",\"required\":false,\"superColumn\":false,\"updateBy\":\"\",\"isInsert\":\"1\",\"javaField\":\"id\",\"htmlType\":\"input\",\"edit\":false,\"query\":false,\"sort\":1,\"list\":false,\"params\":{},\"javaType\":\"Long\",\"queryType\":\"EQ\",\"columnType\":\"bigint(11)\",\"createBy\":\"admin\",\"isPk\":\"1\",\"createTime\":1614930884000,\"tableId\":13,\"pk\":true,\"columnName\":\"id\"},{\"capJavaField\":\"RechargeId\",\"usableColumn\":false,\"columnId\":101,\"isIncrement\":\"0\",\"increment\":false,\"insert\":true,\"isList\":\"1\",\"dictType\":\"\",\"required\":true,\"superColumn\":false,\"updateBy\":\"\",\"isInsert\":\"1\",\"isRequired\":\"1\",\"javaField\":\"rechargeId\",\"htmlType\":\"input\",\"edit\":true,\"query\":true,\"columnComment\":\"充值记录ID\",\"isQuery\":\"1\",\"sort\":2,\"list\":true,\"params\":{},\"javaType\":\"Long\",\"queryType\":\"EQ\",\"columnType\":\"bigint(11)\",\"createBy\":\"admin\",\"isPk\":\"0\",\"createTime\":1614930884000,\"isEdit\":\"1\",\"tableId\":13,\"pk\":false,\"columnName\":\"recharge_id\"},{\"capJavaField\":\"RechargeChainId\",\"usableColumn\":false,\"columnId\":102,\"isIncrement\":\"0\",\"increment\":false,\"insert\":true,\"isList\":\"1\",\"dictType\":\"\",\"required\":true,\"superColumn\":false,\"updateBy\":\"\",\"isInsert\":\"1\",\"isRequired\":\"1\",\"javaField\":\"rechargeChainId\",\"htmlType\":\"input\",\"edit\":true,\"query\":true,\"columnComment\":\"充值链上ID\",\"isQuery\":\"1\",\"sort\":3,\"list\":true,\"params\":{},\"javaType\":\"Long\",\"queryType\":\"EQ\",\"columnType\":\"bigint(11)\",\"createBy\":\"admin\",\"isPk\":\"0\",\"createTime\":1614930884000,\"isEdit\":\"1\",\"tableId\":13,\"pk\":false,\"columnName\":\"recharge_chain_id\"},{\"capJavaField\":\"CollectChainId\",\"usableColumn\":false,\"columnId\":103,\"isIncrement\":\"0\",\"increment\":false,\"insert\":true,\"isList\":\"1\",\"dictType\":\"\",\"required\":false,\"superColumn\":false,\"updateBy\":\"\",\"isInsert\":\"1\",\"javaField\":\"collectChainId\",\"htmlType\":\"input\",\"edit\":true,\"query\":true,\"columnComment\":\"归集ID\",\"isQuery\":\"1\",\"sort\":4,\"list\":true,\"params\":{},\"javaType\":\"Long\",\"queryType\":\"EQ\",\"colum', '{\"msg\":\"操作成功\",\"code\":200}', 0, NULL, '2021-03-05 15:56:22');
INSERT INTO `sys_oper_log` VALUES (122, '菜单管理', 1, 'com.ruoyi.web.controller.system.SysMenuController.add()', 'POST', 1, 'admin', NULL, '/system/menu', '127.0.0.1', '内网IP', '{\"visible\":\"0\",\"icon\":\"exit-fullscreen\",\"orderNum\":\"6\",\"menuName\":\"消耗管理\",\"params\":{},\"parentId\":0,\"isCache\":\"0\",\"path\":\"consume\",\"createBy\":\"admin\",\"children\":[],\"isFrame\":\"1\",\"menuType\":\"M\",\"status\":\"0\"}', '{\"msg\":\"操作成功\",\"code\":200}', 0, NULL, '2021-03-05 16:00:13');
INSERT INTO `sys_oper_log` VALUES (123, '代码生成', 2, 'com.ruoyi.generator.controller.GenController.editSave()', 'PUT', 1, 'admin', NULL, '/tool/gen', '127.0.0.1', '内网IP', '{\"sub\":false,\"functionAuthor\":\"ruoyi\",\"columns\":[{\"capJavaField\":\"Id\",\"usableColumn\":false,\"columnId\":110,\"isIncrement\":\"1\",\"increment\":true,\"insert\":true,\"dictType\":\"\",\"required\":false,\"superColumn\":false,\"updateBy\":\"\",\"isInsert\":\"1\",\"javaField\":\"id\",\"htmlType\":\"input\",\"edit\":false,\"query\":false,\"sort\":1,\"list\":false,\"params\":{},\"javaType\":\"Long\",\"queryType\":\"EQ\",\"columnType\":\"bigint(11)\",\"createBy\":\"admin\",\"isPk\":\"1\",\"createTime\":1614930884000,\"tableId\":14,\"pk\":true,\"columnName\":\"id\"},{\"capJavaField\":\"ChainId\",\"usableColumn\":false,\"columnId\":111,\"isIncrement\":\"0\",\"increment\":false,\"insert\":true,\"isList\":\"1\",\"dictType\":\"\",\"required\":true,\"superColumn\":false,\"updateBy\":\"\",\"isInsert\":\"1\",\"isRequired\":\"1\",\"javaField\":\"chainId\",\"htmlType\":\"input\",\"edit\":true,\"query\":true,\"columnComment\":\"链上记录\",\"isQuery\":\"1\",\"sort\":2,\"list\":true,\"params\":{},\"javaType\":\"Long\",\"queryType\":\"EQ\",\"columnType\":\"bigint(11)\",\"createBy\":\"admin\",\"isPk\":\"0\",\"createTime\":1614930884000,\"isEdit\":\"1\",\"tableId\":14,\"pk\":false,\"columnName\":\"chain_id\"},{\"capJavaField\":\"From\",\"usableColumn\":false,\"columnId\":112,\"isIncrement\":\"0\",\"increment\":false,\"insert\":true,\"isList\":\"1\",\"dictType\":\"\",\"required\":true,\"superColumn\":false,\"updateBy\":\"\",\"isInsert\":\"1\",\"isRequired\":\"1\",\"javaField\":\"from\",\"htmlType\":\"input\",\"edit\":true,\"query\":true,\"columnComment\":\"消耗地址\",\"isQuery\":\"1\",\"sort\":3,\"list\":true,\"params\":{},\"javaType\":\"String\",\"queryType\":\"EQ\",\"columnType\":\"varchar(64)\",\"createBy\":\"admin\",\"isPk\":\"0\",\"createTime\":1614930884000,\"isEdit\":\"1\",\"tableId\":14,\"pk\":false,\"columnName\":\"from\"},{\"capJavaField\":\"To\",\"usableColumn\":false,\"columnId\":113,\"isIncrement\":\"0\",\"increment\":false,\"insert\":true,\"isList\":\"1\",\"dictType\":\"\",\"required\":true,\"superColumn\":false,\"updateBy\":\"\",\"isInsert\":\"1\",\"isRequired\":\"1\",\"javaField\":\"to\",\"htmlType\":\"input\",\"edit\":true,\"query\":true,\"columnComment\":\"目标地址\",\"isQuery\":\"1\",\"sort\":4,\"list\":true,\"params\":{},\"javaType\":\"String\",\"queryType\":\"EQ\",\"columnType\":\"varchar(64)\",\"createBy\":\"admin\",\"isPk\":\"0\",', '{\"msg\":\"操作成功\",\"code\":200}', 0, NULL, '2021-03-05 16:00:31');
INSERT INTO `sys_oper_log` VALUES (124, '代码生成', 2, 'com.ruoyi.generator.controller.GenController.editSave()', 'PUT', 1, 'admin', NULL, '/tool/gen', '127.0.0.1', '内网IP', '{\"sub\":false,\"functionAuthor\":\"ruoyi\",\"columns\":[{\"capJavaField\":\"Id\",\"usableColumn\":false,\"columnId\":110,\"isIncrement\":\"1\",\"increment\":true,\"insert\":true,\"dictType\":\"\",\"required\":false,\"superColumn\":false,\"updateBy\":\"\",\"isInsert\":\"1\",\"javaField\":\"id\",\"htmlType\":\"input\",\"edit\":false,\"query\":false,\"updateTime\":1614931231000,\"sort\":1,\"list\":false,\"params\":{},\"javaType\":\"Long\",\"queryType\":\"EQ\",\"columnType\":\"bigint(11)\",\"createBy\":\"admin\",\"isPk\":\"1\",\"createTime\":1614930884000,\"tableId\":14,\"pk\":true,\"columnName\":\"id\"},{\"capJavaField\":\"ChainId\",\"usableColumn\":false,\"columnId\":111,\"isIncrement\":\"0\",\"increment\":false,\"insert\":true,\"isList\":\"1\",\"dictType\":\"\",\"required\":true,\"superColumn\":false,\"updateBy\":\"\",\"isInsert\":\"1\",\"isRequired\":\"1\",\"javaField\":\"chainId\",\"htmlType\":\"input\",\"edit\":true,\"query\":true,\"columnComment\":\"链上记录\",\"isQuery\":\"1\",\"updateTime\":1614931231000,\"sort\":2,\"list\":true,\"params\":{},\"javaType\":\"Long\",\"queryType\":\"EQ\",\"columnType\":\"bigint(11)\",\"createBy\":\"admin\",\"isPk\":\"0\",\"createTime\":1614930884000,\"isEdit\":\"1\",\"tableId\":14,\"pk\":false,\"columnName\":\"chain_id\"},{\"capJavaField\":\"From\",\"usableColumn\":false,\"columnId\":112,\"isIncrement\":\"0\",\"increment\":false,\"insert\":true,\"isList\":\"1\",\"dictType\":\"\",\"required\":true,\"superColumn\":false,\"updateBy\":\"\",\"isInsert\":\"1\",\"isRequired\":\"1\",\"javaField\":\"from\",\"htmlType\":\"input\",\"edit\":true,\"query\":true,\"columnComment\":\"消耗地址\",\"isQuery\":\"1\",\"updateTime\":1614931231000,\"sort\":3,\"list\":true,\"params\":{},\"javaType\":\"String\",\"queryType\":\"EQ\",\"columnType\":\"varchar(64)\",\"createBy\":\"admin\",\"isPk\":\"0\",\"createTime\":1614930884000,\"isEdit\":\"1\",\"tableId\":14,\"pk\":false,\"columnName\":\"from\"},{\"capJavaField\":\"To\",\"usableColumn\":false,\"columnId\":113,\"isIncrement\":\"0\",\"increment\":false,\"insert\":true,\"isList\":\"1\",\"dictType\":\"\",\"required\":true,\"superColumn\":false,\"updateBy\":\"\",\"isInsert\":\"1\",\"isRequired\":\"1\",\"javaField\":\"to\",\"htmlType\":\"input\",\"edit\":true,\"query\":true,\"columnComment\":\"目标地址\",\"isQuery\":\"1\",\"updateTime\":1614931231000,\"sort\":4,\"list\":tru', '{\"msg\":\"操作成功\",\"code\":200}', 0, NULL, '2021-03-05 16:00:43');
INSERT INTO `sys_oper_log` VALUES (125, '代码生成', 2, 'com.ruoyi.generator.controller.GenController.editSave()', 'PUT', 1, 'admin', NULL, '/tool/gen', '127.0.0.1', '内网IP', '{\"sub\":false,\"functionAuthor\":\"ruoyi\",\"columns\":[{\"capJavaField\":\"Id\",\"usableColumn\":false,\"columnId\":119,\"isIncrement\":\"1\",\"increment\":true,\"insert\":true,\"dictType\":\"\",\"required\":false,\"superColumn\":false,\"updateBy\":\"\",\"isInsert\":\"1\",\"javaField\":\"id\",\"htmlType\":\"input\",\"edit\":false,\"query\":false,\"sort\":1,\"list\":false,\"params\":{},\"javaType\":\"Long\",\"queryType\":\"EQ\",\"columnType\":\"bigint(11)\",\"createBy\":\"admin\",\"isPk\":\"1\",\"createTime\":1614930884000,\"tableId\":15,\"pk\":true,\"columnName\":\"id\"},{\"capJavaField\":\"From\",\"usableColumn\":false,\"columnId\":120,\"isIncrement\":\"0\",\"increment\":false,\"insert\":true,\"isList\":\"1\",\"dictType\":\"\",\"required\":true,\"superColumn\":false,\"updateBy\":\"\",\"isInsert\":\"1\",\"isRequired\":\"1\",\"javaField\":\"from\",\"htmlType\":\"input\",\"edit\":true,\"query\":true,\"columnComment\":\"来源地址\",\"isQuery\":\"1\",\"sort\":2,\"list\":true,\"params\":{},\"javaType\":\"String\",\"queryType\":\"EQ\",\"columnType\":\"varchar(64)\",\"createBy\":\"admin\",\"isPk\":\"0\",\"createTime\":1614930884000,\"isEdit\":\"1\",\"tableId\":15,\"pk\":false,\"columnName\":\"from\"},{\"capJavaField\":\"To\",\"usableColumn\":false,\"columnId\":121,\"isIncrement\":\"0\",\"increment\":false,\"insert\":true,\"isList\":\"1\",\"dictType\":\"\",\"required\":true,\"superColumn\":false,\"updateBy\":\"\",\"isInsert\":\"1\",\"isRequired\":\"1\",\"javaField\":\"to\",\"htmlType\":\"input\",\"edit\":true,\"query\":true,\"columnComment\":\"用户平台地址\",\"isQuery\":\"1\",\"sort\":3,\"list\":true,\"params\":{},\"javaType\":\"String\",\"queryType\":\"EQ\",\"columnType\":\"varchar(64)\",\"createBy\":\"admin\",\"isPk\":\"0\",\"createTime\":1614930884000,\"isEdit\":\"1\",\"tableId\":15,\"pk\":false,\"columnName\":\"to\"},{\"capJavaField\":\"Amount\",\"usableColumn\":false,\"columnId\":122,\"isIncrement\":\"0\",\"increment\":false,\"insert\":true,\"isList\":\"1\",\"dictType\":\"\",\"required\":true,\"superColumn\":false,\"updateBy\":\"\",\"isInsert\":\"1\",\"isRequired\":\"1\",\"javaField\":\"amount\",\"htmlType\":\"input\",\"edit\":true,\"query\":true,\"columnComment\":\"金额\",\"isQuery\":\"1\",\"sort\":4,\"list\":true,\"params\":{},\"javaType\":\"BigDecimal\",\"queryType\":\"EQ\",\"columnType\":\"decimal(50,20)\",\"createBy\":\"admin\",\"isPk\":\"0', '{\"msg\":\"操作成功\",\"code\":200}', 0, NULL, '2021-03-05 16:01:53');
INSERT INTO `sys_oper_log` VALUES (126, '代码生成', 2, 'com.ruoyi.generator.controller.GenController.editSave()', 'PUT', 1, 'admin', NULL, '/tool/gen', '127.0.0.1', '内网IP', '{\"sub\":false,\"functionAuthor\":\"ruoyi\",\"columns\":[{\"capJavaField\":\"Id\",\"usableColumn\":false,\"columnId\":110,\"isIncrement\":\"1\",\"increment\":true,\"insert\":true,\"dictType\":\"\",\"required\":false,\"superColumn\":false,\"updateBy\":\"\",\"isInsert\":\"1\",\"javaField\":\"id\",\"htmlType\":\"input\",\"edit\":false,\"query\":false,\"updateTime\":1614931243000,\"sort\":1,\"list\":false,\"params\":{},\"javaType\":\"Long\",\"queryType\":\"EQ\",\"columnType\":\"bigint(11)\",\"createBy\":\"admin\",\"isPk\":\"1\",\"createTime\":1614930884000,\"tableId\":14,\"pk\":true,\"columnName\":\"id\"},{\"capJavaField\":\"ChainId\",\"usableColumn\":false,\"columnId\":111,\"isIncrement\":\"0\",\"increment\":false,\"insert\":true,\"isList\":\"1\",\"dictType\":\"\",\"required\":true,\"superColumn\":false,\"updateBy\":\"\",\"isInsert\":\"1\",\"isRequired\":\"1\",\"javaField\":\"chainId\",\"htmlType\":\"input\",\"edit\":true,\"query\":true,\"columnComment\":\"链上记录\",\"isQuery\":\"1\",\"updateTime\":1614931243000,\"sort\":2,\"list\":true,\"params\":{},\"javaType\":\"Long\",\"queryType\":\"EQ\",\"columnType\":\"bigint(11)\",\"createBy\":\"admin\",\"isPk\":\"0\",\"createTime\":1614930884000,\"isEdit\":\"1\",\"tableId\":14,\"pk\":false,\"columnName\":\"chain_id\"},{\"capJavaField\":\"From\",\"usableColumn\":false,\"columnId\":112,\"isIncrement\":\"0\",\"increment\":false,\"insert\":true,\"isList\":\"1\",\"dictType\":\"\",\"required\":true,\"superColumn\":false,\"updateBy\":\"\",\"isInsert\":\"1\",\"isRequired\":\"1\",\"javaField\":\"from\",\"htmlType\":\"input\",\"edit\":true,\"query\":true,\"columnComment\":\"消耗地址\",\"isQuery\":\"1\",\"updateTime\":1614931243000,\"sort\":3,\"list\":true,\"params\":{},\"javaType\":\"String\",\"queryType\":\"EQ\",\"columnType\":\"varchar(64)\",\"createBy\":\"admin\",\"isPk\":\"0\",\"createTime\":1614930884000,\"isEdit\":\"1\",\"tableId\":14,\"pk\":false,\"columnName\":\"from\"},{\"capJavaField\":\"To\",\"usableColumn\":false,\"columnId\":113,\"isIncrement\":\"0\",\"increment\":false,\"insert\":true,\"isList\":\"1\",\"dictType\":\"\",\"required\":true,\"superColumn\":false,\"updateBy\":\"\",\"isInsert\":\"1\",\"isRequired\":\"1\",\"javaField\":\"to\",\"htmlType\":\"input\",\"edit\":true,\"query\":true,\"columnComment\":\"目标地址\",\"isQuery\":\"1\",\"updateTime\":1614931243000,\"sort\":4,\"list\":tru', '{\"msg\":\"操作成功\",\"code\":200}', 0, NULL, '2021-03-05 16:02:05');
INSERT INTO `sys_oper_log` VALUES (127, '代码生成', 2, 'com.ruoyi.generator.controller.GenController.editSave()', 'PUT', 1, 'admin', NULL, '/tool/gen', '127.0.0.1', '内网IP', '{\"sub\":false,\"functionAuthor\":\"ruoyi\",\"columns\":[{\"capJavaField\":\"Id\",\"usableColumn\":false,\"columnId\":128,\"isIncrement\":\"0\",\"increment\":false,\"insert\":true,\"dictType\":\"\",\"required\":false,\"superColumn\":false,\"updateBy\":\"\",\"isInsert\":\"1\",\"javaField\":\"id\",\"htmlType\":\"input\",\"edit\":false,\"query\":false,\"sort\":1,\"list\":false,\"params\":{},\"javaType\":\"Integer\",\"queryType\":\"EQ\",\"columnType\":\"int(8)\",\"createBy\":\"admin\",\"isPk\":\"1\",\"createTime\":1614930884000,\"tableId\":16,\"pk\":true,\"columnName\":\"id\"},{\"capJavaField\":\"Address\",\"usableColumn\":false,\"columnId\":129,\"isIncrement\":\"0\",\"increment\":false,\"insert\":true,\"isList\":\"1\",\"dictType\":\"\",\"required\":true,\"superColumn\":false,\"updateBy\":\"\",\"isInsert\":\"1\",\"isRequired\":\"1\",\"javaField\":\"address\",\"htmlType\":\"input\",\"edit\":true,\"query\":true,\"columnComment\":\"系统地址\",\"isQuery\":\"1\",\"sort\":2,\"list\":true,\"params\":{},\"javaType\":\"String\",\"queryType\":\"EQ\",\"columnType\":\"varchar(255)\",\"createBy\":\"admin\",\"isPk\":\"0\",\"createTime\":1614930884000,\"isEdit\":\"1\",\"tableId\":16,\"pk\":false,\"columnName\":\"address\"},{\"capJavaField\":\"Type\",\"usableColumn\":false,\"columnId\":130,\"isIncrement\":\"0\",\"increment\":false,\"insert\":true,\"isList\":\"1\",\"dictType\":\"\",\"required\":true,\"superColumn\":false,\"updateBy\":\"\",\"isInsert\":\"1\",\"isRequired\":\"1\",\"javaField\":\"type\",\"htmlType\":\"select\",\"edit\":true,\"query\":true,\"columnComment\":\"地址类型\",\"isQuery\":\"1\",\"sort\":3,\"list\":true,\"params\":{},\"javaType\":\"String\",\"queryType\":\"EQ\",\"columnType\":\"varchar(10)\",\"createBy\":\"admin\",\"isPk\":\"0\",\"createTime\":1614930884000,\"isEdit\":\"1\",\"tableId\":16,\"pk\":false,\"columnName\":\"type\"}],\"businessName\":\"sysaddress\",\"moduleName\":\"tron\",\"className\":\"TronSystemAddress\",\"tableName\":\"tron_system_address\",\"crud\":true,\"options\":\"{\\\"parentMenuId\\\":2000}\",\"genType\":\"0\",\"packageName\":\"com.ruoyi.tron\",\"functionName\":\"系统地址\",\"tree\":false,\"tableComment\":\"系统地址\",\"params\":{\"parentMenuId\":2000},\"tplCategory\":\"crud\",\"parentMenuId\":\"2000\",\"tableId\":16,\"genPath\":\"/\"}', '{\"msg\":\"操作成功\",\"code\":200}', 0, NULL, '2021-03-05 16:02:57');
INSERT INTO `sys_oper_log` VALUES (128, '代码生成', 2, 'com.ruoyi.generator.controller.GenController.editSave()', 'PUT', 1, 'admin', NULL, '/tool/gen', '127.0.0.1', '内网IP', '{\"sub\":false,\"functionAuthor\":\"ruoyi\",\"columns\":[{\"capJavaField\":\"Id\",\"usableColumn\":false,\"columnId\":131,\"isIncrement\":\"0\",\"increment\":false,\"insert\":true,\"dictType\":\"\",\"required\":false,\"superColumn\":false,\"updateBy\":\"\",\"isInsert\":\"1\",\"javaField\":\"id\",\"htmlType\":\"input\",\"edit\":false,\"query\":false,\"sort\":1,\"list\":false,\"params\":{},\"javaType\":\"Long\",\"queryType\":\"EQ\",\"columnType\":\"bigint(11)\",\"createBy\":\"admin\",\"isPk\":\"1\",\"createTime\":1614930884000,\"tableId\":17,\"pk\":true,\"columnName\":\"id\"},{\"capJavaField\":\"Address\",\"usableColumn\":false,\"columnId\":132,\"isIncrement\":\"0\",\"increment\":false,\"insert\":true,\"isList\":\"1\",\"dictType\":\"\",\"required\":true,\"superColumn\":false,\"updateBy\":\"\",\"isInsert\":\"1\",\"isRequired\":\"1\",\"javaField\":\"address\",\"htmlType\":\"input\",\"edit\":true,\"query\":true,\"columnComment\":\"地址\",\"isQuery\":\"1\",\"sort\":2,\"list\":true,\"params\":{},\"javaType\":\"String\",\"queryType\":\"EQ\",\"columnType\":\"varchar(64)\",\"createBy\":\"admin\",\"isPk\":\"0\",\"createTime\":1614930884000,\"isEdit\":\"1\",\"tableId\":17,\"pk\":false,\"columnName\":\"address\"},{\"capJavaField\":\"Type\",\"usableColumn\":false,\"columnId\":133,\"isIncrement\":\"0\",\"increment\":false,\"insert\":true,\"isList\":\"1\",\"dictType\":\"\",\"required\":false,\"superColumn\":false,\"updateBy\":\"\",\"isInsert\":\"1\",\"javaField\":\"type\",\"htmlType\":\"select\",\"edit\":true,\"query\":true,\"columnComment\":\"类型：1.带宽，2.能量\",\"isQuery\":\"1\",\"sort\":3,\"list\":true,\"params\":{},\"javaType\":\"Integer\",\"queryType\":\"EQ\",\"columnType\":\"int(2)\",\"createBy\":\"admin\",\"isPk\":\"0\",\"createTime\":1614930884000,\"isEdit\":\"1\",\"tableId\":17,\"pk\":false,\"columnName\":\"type\"},{\"capJavaField\":\"Direct\",\"usableColumn\":false,\"columnId\":134,\"isIncrement\":\"0\",\"increment\":false,\"insert\":true,\"isList\":\"1\",\"dictType\":\"\",\"required\":true,\"superColumn\":false,\"updateBy\":\"\",\"isInsert\":\"1\",\"isRequired\":\"1\",\"javaField\":\"direct\",\"htmlType\":\"input\",\"edit\":true,\"query\":true,\"columnComment\":\"方向：0.冻结、1.解冻\",\"isQuery\":\"1\",\"sort\":4,\"list\":true,\"params\":{},\"javaType\":\"Integer\",\"queryType\":\"EQ\",\"columnType\":\"tinyint(1)\",\"createBy\":\"admin\",\"isPk', '{\"msg\":\"操作成功\",\"code\":200}', 0, NULL, '2021-03-05 16:03:48');
INSERT INTO `sys_oper_log` VALUES (129, '代码生成', 2, 'com.ruoyi.generator.controller.GenController.editSave()', 'PUT', 1, 'admin', NULL, '/tool/gen', '127.0.0.1', '内网IP', '{\"sub\":false,\"functionAuthor\":\"ruoyi\",\"columns\":[{\"capJavaField\":\"Id\",\"usableColumn\":false,\"columnId\":138,\"isIncrement\":\"0\",\"increment\":false,\"insert\":true,\"dictType\":\"\",\"required\":false,\"superColumn\":false,\"updateBy\":\"\",\"isInsert\":\"1\",\"javaField\":\"id\",\"htmlType\":\"input\",\"edit\":false,\"query\":false,\"sort\":1,\"list\":false,\"params\":{},\"javaType\":\"Long\",\"queryType\":\"EQ\",\"columnType\":\"bigint(11)\",\"createBy\":\"admin\",\"isPk\":\"1\",\"createTime\":1614930884000,\"tableId\":18,\"pk\":true,\"columnName\":\"id\"},{\"capJavaField\":\"From\",\"usableColumn\":false,\"columnId\":139,\"isIncrement\":\"0\",\"increment\":false,\"insert\":true,\"isList\":\"1\",\"dictType\":\"\",\"required\":true,\"superColumn\":false,\"updateBy\":\"\",\"isInsert\":\"1\",\"isRequired\":\"1\",\"javaField\":\"from\",\"htmlType\":\"input\",\"edit\":true,\"query\":true,\"columnComment\":\"来源地址\",\"isQuery\":\"1\",\"sort\":2,\"list\":true,\"params\":{},\"javaType\":\"String\",\"queryType\":\"EQ\",\"columnType\":\"varchar(64)\",\"createBy\":\"admin\",\"isPk\":\"0\",\"createTime\":1614930884000,\"isEdit\":\"1\",\"tableId\":18,\"pk\":false,\"columnName\":\"from\"},{\"capJavaField\":\"To\",\"usableColumn\":false,\"columnId\":140,\"isIncrement\":\"0\",\"increment\":false,\"insert\":true,\"isList\":\"1\",\"dictType\":\"\",\"required\":true,\"superColumn\":false,\"updateBy\":\"\",\"isInsert\":\"1\",\"isRequired\":\"1\",\"javaField\":\"to\",\"htmlType\":\"input\",\"edit\":true,\"query\":true,\"columnComment\":\"用户平台地址\",\"isQuery\":\"1\",\"sort\":3,\"list\":true,\"params\":{},\"javaType\":\"String\",\"queryType\":\"EQ\",\"columnType\":\"varchar(64)\",\"createBy\":\"admin\",\"isPk\":\"0\",\"createTime\":1614930884000,\"isEdit\":\"1\",\"tableId\":18,\"pk\":false,\"columnName\":\"to\"},{\"capJavaField\":\"Amount\",\"usableColumn\":false,\"columnId\":141,\"isIncrement\":\"0\",\"increment\":false,\"insert\":true,\"isList\":\"1\",\"dictType\":\"\",\"required\":true,\"superColumn\":false,\"updateBy\":\"\",\"isInsert\":\"1\",\"isRequired\":\"1\",\"javaField\":\"amount\",\"htmlType\":\"input\",\"edit\":true,\"query\":true,\"columnComment\":\"金额\",\"isQuery\":\"1\",\"sort\":4,\"list\":true,\"params\":{},\"javaType\":\"BigDecimal\",\"queryType\":\"EQ\",\"columnType\":\"decimal(50,20)\",\"createBy\":\"admin\",\"isPk\":\"', '{\"msg\":\"操作成功\",\"code\":200}', 0, NULL, '2021-03-05 16:04:18');
INSERT INTO `sys_oper_log` VALUES (130, '代码生成', 2, 'com.ruoyi.generator.controller.GenController.editSave()', 'PUT', 1, 'admin', NULL, '/tool/gen', '127.0.0.1', '内网IP', '{\"sub\":false,\"functionAuthor\":\"ruoyi\",\"columns\":[{\"capJavaField\":\"Id\",\"usableColumn\":false,\"columnId\":138,\"isIncrement\":\"0\",\"increment\":false,\"insert\":true,\"dictType\":\"\",\"required\":false,\"superColumn\":false,\"updateBy\":\"\",\"isInsert\":\"1\",\"javaField\":\"id\",\"htmlType\":\"input\",\"edit\":false,\"query\":false,\"updateTime\":1614931458000,\"sort\":1,\"list\":false,\"params\":{},\"javaType\":\"Long\",\"queryType\":\"EQ\",\"columnType\":\"bigint(11)\",\"createBy\":\"admin\",\"isPk\":\"1\",\"createTime\":1614930884000,\"tableId\":18,\"pk\":true,\"columnName\":\"id\"},{\"capJavaField\":\"From\",\"usableColumn\":false,\"columnId\":139,\"isIncrement\":\"0\",\"increment\":false,\"insert\":true,\"isList\":\"1\",\"dictType\":\"\",\"required\":true,\"superColumn\":false,\"updateBy\":\"\",\"isInsert\":\"1\",\"isRequired\":\"1\",\"javaField\":\"from\",\"htmlType\":\"input\",\"edit\":true,\"query\":true,\"columnComment\":\"来源地址\",\"isQuery\":\"1\",\"updateTime\":1614931458000,\"sort\":2,\"list\":true,\"params\":{},\"javaType\":\"String\",\"queryType\":\"EQ\",\"columnType\":\"varchar(64)\",\"createBy\":\"admin\",\"isPk\":\"0\",\"createTime\":1614930884000,\"isEdit\":\"1\",\"tableId\":18,\"pk\":false,\"columnName\":\"from\"},{\"capJavaField\":\"To\",\"usableColumn\":false,\"columnId\":140,\"isIncrement\":\"0\",\"increment\":false,\"insert\":true,\"isList\":\"1\",\"dictType\":\"\",\"required\":true,\"superColumn\":false,\"updateBy\":\"\",\"isInsert\":\"1\",\"isRequired\":\"1\",\"javaField\":\"to\",\"htmlType\":\"input\",\"edit\":true,\"query\":true,\"columnComment\":\"用户平台地址\",\"isQuery\":\"1\",\"updateTime\":1614931458000,\"sort\":3,\"list\":true,\"params\":{},\"javaType\":\"String\",\"queryType\":\"EQ\",\"columnType\":\"varchar(64)\",\"createBy\":\"admin\",\"isPk\":\"0\",\"createTime\":1614930884000,\"isEdit\":\"1\",\"tableId\":18,\"pk\":false,\"columnName\":\"to\"},{\"capJavaField\":\"Amount\",\"usableColumn\":false,\"columnId\":141,\"isIncrement\":\"0\",\"increment\":false,\"insert\":true,\"isList\":\"1\",\"dictType\":\"\",\"required\":true,\"superColumn\":false,\"updateBy\":\"\",\"isInsert\":\"1\",\"isRequired\":\"1\",\"javaField\":\"amount\",\"htmlType\":\"input\",\"edit\":true,\"query\":true,\"columnComment\":\"金额\",\"isQuery\":\"1\",\"updateTime\":1614931458000,\"sort\":4,\"list\":true,\"p', '{\"msg\":\"操作成功\",\"code\":200}', 0, NULL, '2021-03-05 16:05:48');
INSERT INTO `sys_oper_log` VALUES (131, '代码生成', 2, 'com.ruoyi.generator.controller.GenController.editSave()', 'PUT', 1, 'admin', NULL, '/tool/gen', '127.0.0.1', '内网IP', '{\"sub\":false,\"functionAuthor\":\"ruoyi\",\"columns\":[{\"capJavaField\":\"Id\",\"usableColumn\":false,\"columnId\":119,\"isIncrement\":\"1\",\"increment\":true,\"insert\":true,\"dictType\":\"\",\"required\":false,\"superColumn\":false,\"updateBy\":\"\",\"isInsert\":\"1\",\"javaField\":\"id\",\"htmlType\":\"input\",\"edit\":false,\"query\":false,\"updateTime\":1614931313000,\"sort\":1,\"list\":false,\"params\":{},\"javaType\":\"Long\",\"queryType\":\"EQ\",\"columnType\":\"bigint(11)\",\"createBy\":\"admin\",\"isPk\":\"1\",\"createTime\":1614930884000,\"tableId\":15,\"pk\":true,\"columnName\":\"id\"},{\"capJavaField\":\"From\",\"usableColumn\":false,\"columnId\":120,\"isIncrement\":\"0\",\"increment\":false,\"insert\":true,\"isList\":\"1\",\"dictType\":\"\",\"required\":true,\"superColumn\":false,\"updateBy\":\"\",\"isInsert\":\"1\",\"isRequired\":\"1\",\"javaField\":\"from\",\"htmlType\":\"input\",\"edit\":true,\"query\":true,\"columnComment\":\"来源地址\",\"isQuery\":\"1\",\"updateTime\":1614931313000,\"sort\":2,\"list\":true,\"params\":{},\"javaType\":\"String\",\"queryType\":\"EQ\",\"columnType\":\"varchar(64)\",\"createBy\":\"admin\",\"isPk\":\"0\",\"createTime\":1614930884000,\"isEdit\":\"1\",\"tableId\":15,\"pk\":false,\"columnName\":\"from\"},{\"capJavaField\":\"To\",\"usableColumn\":false,\"columnId\":121,\"isIncrement\":\"0\",\"increment\":false,\"insert\":true,\"isList\":\"1\",\"dictType\":\"\",\"required\":true,\"superColumn\":false,\"updateBy\":\"\",\"isInsert\":\"1\",\"isRequired\":\"1\",\"javaField\":\"to\",\"htmlType\":\"input\",\"edit\":true,\"query\":true,\"columnComment\":\"用户平台地址\",\"isQuery\":\"1\",\"updateTime\":1614931313000,\"sort\":3,\"list\":true,\"params\":{},\"javaType\":\"String\",\"queryType\":\"EQ\",\"columnType\":\"varchar(64)\",\"createBy\":\"admin\",\"isPk\":\"0\",\"createTime\":1614930884000,\"isEdit\":\"1\",\"tableId\":15,\"pk\":false,\"columnName\":\"to\"},{\"capJavaField\":\"Amount\",\"usableColumn\":false,\"columnId\":122,\"isIncrement\":\"0\",\"increment\":false,\"insert\":true,\"isList\":\"1\",\"dictType\":\"\",\"required\":true,\"superColumn\":false,\"updateBy\":\"\",\"isInsert\":\"1\",\"isRequired\":\"1\",\"javaField\":\"amount\",\"htmlType\":\"input\",\"edit\":true,\"query\":true,\"columnComment\":\"金额\",\"isQuery\":\"1\",\"updateTime\":1614931313000,\"sort\":4,\"list\":true,\"pa', '{\"msg\":\"操作成功\",\"code\":200}', 0, NULL, '2021-03-05 16:06:24');
INSERT INTO `sys_oper_log` VALUES (132, '代码生成', 2, 'com.ruoyi.generator.controller.GenController.editSave()', 'PUT', 1, 'admin', NULL, '/tool/gen', '127.0.0.1', '内网IP', '{\"sub\":false,\"functionAuthor\":\"ruoyi\",\"columns\":[{\"capJavaField\":\"Id\",\"usableColumn\":false,\"columnId\":110,\"isIncrement\":\"1\",\"increment\":true,\"insert\":true,\"dictType\":\"\",\"required\":false,\"superColumn\":false,\"updateBy\":\"\",\"isInsert\":\"1\",\"javaField\":\"id\",\"htmlType\":\"input\",\"edit\":false,\"query\":false,\"updateTime\":1614931325000,\"sort\":1,\"list\":false,\"params\":{},\"javaType\":\"Long\",\"queryType\":\"EQ\",\"columnType\":\"bigint(11)\",\"createBy\":\"admin\",\"isPk\":\"1\",\"createTime\":1614930884000,\"tableId\":14,\"pk\":true,\"columnName\":\"id\"},{\"capJavaField\":\"ChainId\",\"usableColumn\":false,\"columnId\":111,\"isIncrement\":\"0\",\"increment\":false,\"insert\":true,\"isList\":\"1\",\"dictType\":\"\",\"required\":true,\"superColumn\":false,\"updateBy\":\"\",\"isInsert\":\"1\",\"isRequired\":\"1\",\"javaField\":\"chainId\",\"htmlType\":\"input\",\"edit\":true,\"query\":true,\"columnComment\":\"链上记录\",\"isQuery\":\"1\",\"updateTime\":1614931325000,\"sort\":2,\"list\":true,\"params\":{},\"javaType\":\"Long\",\"queryType\":\"EQ\",\"columnType\":\"bigint(11)\",\"createBy\":\"admin\",\"isPk\":\"0\",\"createTime\":1614930884000,\"isEdit\":\"1\",\"tableId\":14,\"pk\":false,\"columnName\":\"chain_id\"},{\"capJavaField\":\"From\",\"usableColumn\":false,\"columnId\":112,\"isIncrement\":\"0\",\"increment\":false,\"insert\":true,\"isList\":\"1\",\"dictType\":\"\",\"required\":true,\"superColumn\":false,\"updateBy\":\"\",\"isInsert\":\"1\",\"isRequired\":\"1\",\"javaField\":\"from\",\"htmlType\":\"input\",\"edit\":true,\"query\":true,\"columnComment\":\"消耗地址\",\"isQuery\":\"1\",\"updateTime\":1614931325000,\"sort\":3,\"list\":true,\"params\":{},\"javaType\":\"String\",\"queryType\":\"EQ\",\"columnType\":\"varchar(64)\",\"createBy\":\"admin\",\"isPk\":\"0\",\"createTime\":1614930884000,\"isEdit\":\"1\",\"tableId\":14,\"pk\":false,\"columnName\":\"from\"},{\"capJavaField\":\"To\",\"usableColumn\":false,\"columnId\":113,\"isIncrement\":\"0\",\"increment\":false,\"insert\":true,\"isList\":\"1\",\"dictType\":\"\",\"required\":true,\"superColumn\":false,\"updateBy\":\"\",\"isInsert\":\"1\",\"isRequired\":\"1\",\"javaField\":\"to\",\"htmlType\":\"input\",\"edit\":true,\"query\":true,\"columnComment\":\"目标地址\",\"isQuery\":\"1\",\"updateTime\":1614931325000,\"sort\":4,\"list\":tru', '{\"msg\":\"操作成功\",\"code\":200}', 0, NULL, '2021-03-05 16:06:36');
INSERT INTO `sys_oper_log` VALUES (133, '代码生成', 2, 'com.ruoyi.generator.controller.GenController.editSave()', 'PUT', 1, 'admin', NULL, '/tool/gen', '127.0.0.1', '内网IP', '{\"sub\":false,\"functionAuthor\":\"l8oo8l\",\"columns\":[{\"capJavaField\":\"Id\",\"usableColumn\":false,\"columnId\":78,\"isIncrement\":\"1\",\"increment\":true,\"insert\":true,\"dictType\":\"\",\"required\":false,\"superColumn\":false,\"updateBy\":\"\",\"isInsert\":\"1\",\"javaField\":\"id\",\"htmlType\":\"input\",\"edit\":false,\"query\":false,\"updateTime\":1614930922000,\"sort\":1,\"list\":false,\"params\":{},\"javaType\":\"Long\",\"queryType\":\"EQ\",\"columnType\":\"bigint(11)\",\"createBy\":\"admin\",\"isPk\":\"1\",\"createTime\":1614930884000,\"tableId\":11,\"pk\":true,\"columnName\":\"id\"},{\"capJavaField\":\"Type\",\"usableColumn\":false,\"columnId\":79,\"isIncrement\":\"0\",\"increment\":false,\"insert\":true,\"isList\":\"1\",\"dictType\":\"\",\"required\":true,\"superColumn\":false,\"updateBy\":\"\",\"isInsert\":\"1\",\"isRequired\":\"1\",\"javaField\":\"type\",\"htmlType\":\"select\",\"edit\":true,\"query\":true,\"columnComment\":\"类型，1.转账，2.带宽，3流量，4.合约\",\"isQuery\":\"1\",\"updateTime\":1614930922000,\"sort\":2,\"list\":true,\"params\":{},\"javaType\":\"Integer\",\"queryType\":\"EQ\",\"columnType\":\"tinyint(1)\",\"createBy\":\"admin\",\"isPk\":\"0\",\"createTime\":1614930884000,\"isEdit\":\"1\",\"tableId\":11,\"pk\":false,\"columnName\":\"type\"},{\"capJavaField\":\"Height\",\"usableColumn\":false,\"columnId\":80,\"isIncrement\":\"0\",\"increment\":false,\"insert\":true,\"isList\":\"1\",\"dictType\":\"\",\"required\":true,\"superColumn\":false,\"updateBy\":\"\",\"isInsert\":\"1\",\"isRequired\":\"1\",\"javaField\":\"height\",\"htmlType\":\"input\",\"edit\":true,\"query\":true,\"columnComment\":\"区块高度\",\"isQuery\":\"1\",\"updateTime\":1614930922000,\"sort\":3,\"list\":true,\"params\":{},\"javaType\":\"Long\",\"queryType\":\"EQ\",\"columnType\":\"bigint(11)\",\"createBy\":\"admin\",\"isPk\":\"0\",\"createTime\":1614930884000,\"isEdit\":\"1\",\"tableId\":11,\"pk\":false,\"columnName\":\"height\"},{\"capJavaField\":\"ContractAddr\",\"usableColumn\":false,\"columnId\":81,\"isIncrement\":\"0\",\"increment\":false,\"insert\":true,\"isList\":\"1\",\"dictType\":\"\",\"required\":false,\"superColumn\":false,\"updateBy\":\"\",\"isInsert\":\"1\",\"javaField\":\"contractAddr\",\"htmlType\":\"input\",\"edit\":true,\"query\":true,\"columnComment\":\"合约地址\",\"isQuery\":\"1\",\"updateTime\":1614930922000,\"sor', '{\"msg\":\"操作成功\",\"code\":200}', 0, NULL, '2021-03-05 16:08:46');
INSERT INTO `sys_oper_log` VALUES (134, '代码生成', 2, 'com.ruoyi.generator.controller.GenController.editSave()', 'PUT', 1, 'admin', NULL, '/tool/gen', '127.0.0.1', '内网IP', '{\"sub\":false,\"functionAuthor\":\"l8oo8l\",\"columns\":[{\"capJavaField\":\"Id\",\"usableColumn\":false,\"columnId\":93,\"isIncrement\":\"1\",\"increment\":true,\"insert\":true,\"dictType\":\"\",\"required\":false,\"superColumn\":false,\"updateBy\":\"\",\"isInsert\":\"1\",\"javaField\":\"id\",\"htmlType\":\"input\",\"edit\":false,\"query\":false,\"updateTime\":1614930957000,\"sort\":1,\"list\":false,\"params\":{},\"javaType\":\"Long\",\"queryType\":\"EQ\",\"columnType\":\"int(11)\",\"createBy\":\"admin\",\"isPk\":\"1\",\"createTime\":1614930884000,\"tableId\":12,\"pk\":true,\"columnName\":\"id\"},{\"capJavaField\":\"Symbol\",\"usableColumn\":false,\"columnId\":94,\"isIncrement\":\"0\",\"increment\":false,\"insert\":true,\"isList\":\"1\",\"dictType\":\"\",\"required\":true,\"superColumn\":false,\"updateBy\":\"\",\"isInsert\":\"1\",\"isRequired\":\"1\",\"javaField\":\"symbol\",\"htmlType\":\"input\",\"edit\":true,\"query\":true,\"columnComment\":\"代币符号（唯一）\",\"isQuery\":\"1\",\"updateTime\":1614930957000,\"sort\":2,\"list\":true,\"params\":{},\"javaType\":\"String\",\"queryType\":\"EQ\",\"columnType\":\"varchar(20)\",\"createBy\":\"admin\",\"isPk\":\"0\",\"createTime\":1614930884000,\"isEdit\":\"1\",\"tableId\":12,\"pk\":false,\"columnName\":\"symbol\"},{\"capJavaField\":\"Type\",\"usableColumn\":false,\"columnId\":95,\"isIncrement\":\"0\",\"increment\":false,\"insert\":true,\"isList\":\"1\",\"dictType\":\"\",\"required\":true,\"superColumn\":false,\"updateBy\":\"\",\"isInsert\":\"1\",\"isRequired\":\"1\",\"javaField\":\"type\",\"htmlType\":\"select\",\"edit\":true,\"query\":true,\"columnComment\":\"类型：0.主币,1.TRC10,2.TRC20\",\"isQuery\":\"1\",\"updateTime\":1614930957000,\"sort\":3,\"list\":true,\"params\":{},\"javaType\":\"Integer\",\"queryType\":\"EQ\",\"columnType\":\"int(2)\",\"createBy\":\"admin\",\"isPk\":\"0\",\"createTime\":1614930884000,\"isEdit\":\"1\",\"tableId\":12,\"pk\":false,\"columnName\":\"type\"},{\"capJavaField\":\"IsMaster\",\"usableColumn\":false,\"columnId\":96,\"isIncrement\":\"0\",\"increment\":false,\"insert\":true,\"isList\":\"1\",\"dictType\":\"\",\"required\":true,\"superColumn\":false,\"updateBy\":\"\",\"isInsert\":\"1\",\"isRequired\":\"1\",\"javaField\":\"isMaster\",\"htmlType\":\"input\",\"edit\":true,\"query\":true,\"columnComment\":\"是否主币\",\"isQuery\":\"1\",\"updateTime\":16149309', '{\"msg\":\"操作成功\",\"code\":200}', 0, NULL, '2021-03-05 16:08:53');
INSERT INTO `sys_oper_log` VALUES (135, '代码生成', 2, 'com.ruoyi.generator.controller.GenController.editSave()', 'PUT', 1, 'admin', NULL, '/tool/gen', '127.0.0.1', '内网IP', '{\"sub\":false,\"functionAuthor\":\"l8oo8l\",\"columns\":[{\"capJavaField\":\"Id\",\"usableColumn\":false,\"columnId\":100,\"isIncrement\":\"1\",\"increment\":true,\"insert\":true,\"dictType\":\"\",\"required\":false,\"superColumn\":false,\"updateBy\":\"\",\"isInsert\":\"1\",\"javaField\":\"id\",\"htmlType\":\"input\",\"edit\":false,\"query\":false,\"updateTime\":1614930982000,\"sort\":1,\"list\":false,\"params\":{},\"javaType\":\"Long\",\"queryType\":\"EQ\",\"columnType\":\"bigint(11)\",\"createBy\":\"admin\",\"isPk\":\"1\",\"createTime\":1614930884000,\"tableId\":13,\"pk\":true,\"columnName\":\"id\"},{\"capJavaField\":\"RechargeId\",\"usableColumn\":false,\"columnId\":101,\"isIncrement\":\"0\",\"increment\":false,\"insert\":true,\"isList\":\"1\",\"dictType\":\"\",\"required\":true,\"superColumn\":false,\"updateBy\":\"\",\"isInsert\":\"1\",\"isRequired\":\"1\",\"javaField\":\"rechargeId\",\"htmlType\":\"input\",\"edit\":true,\"query\":true,\"columnComment\":\"充值记录ID\",\"isQuery\":\"1\",\"updateTime\":1614930982000,\"sort\":2,\"list\":true,\"params\":{},\"javaType\":\"Long\",\"queryType\":\"EQ\",\"columnType\":\"bigint(11)\",\"createBy\":\"admin\",\"isPk\":\"0\",\"createTime\":1614930884000,\"isEdit\":\"1\",\"tableId\":13,\"pk\":false,\"columnName\":\"recharge_id\"},{\"capJavaField\":\"RechargeChainId\",\"usableColumn\":false,\"columnId\":102,\"isIncrement\":\"0\",\"increment\":false,\"insert\":true,\"isList\":\"1\",\"dictType\":\"\",\"required\":true,\"superColumn\":false,\"updateBy\":\"\",\"isInsert\":\"1\",\"isRequired\":\"1\",\"javaField\":\"rechargeChainId\",\"htmlType\":\"input\",\"edit\":true,\"query\":true,\"columnComment\":\"充值链上ID\",\"isQuery\":\"1\",\"updateTime\":1614930982000,\"sort\":3,\"list\":true,\"params\":{},\"javaType\":\"Long\",\"queryType\":\"EQ\",\"columnType\":\"bigint(11)\",\"createBy\":\"admin\",\"isPk\":\"0\",\"createTime\":1614930884000,\"isEdit\":\"1\",\"tableId\":13,\"pk\":false,\"columnName\":\"recharge_chain_id\"},{\"capJavaField\":\"CollectChainId\",\"usableColumn\":false,\"columnId\":103,\"isIncrement\":\"0\",\"increment\":false,\"insert\":true,\"isList\":\"1\",\"dictType\":\"\",\"required\":false,\"superColumn\":false,\"updateBy\":\"\",\"isInsert\":\"1\",\"javaField\":\"collectChainId\",\"htmlType\":\"input\",\"edit\":true,\"query\":true,\"columnComment\":\"归集ID\",\"isQue', '{\"msg\":\"操作成功\",\"code\":200}', 0, NULL, '2021-03-05 16:09:01');
INSERT INTO `sys_oper_log` VALUES (136, '代码生成', 2, 'com.ruoyi.generator.controller.GenController.editSave()', 'PUT', 1, 'admin', NULL, '/tool/gen', '127.0.0.1', '内网IP', '{\"sub\":false,\"functionAuthor\":\"l8oo8l\",\"columns\":[{\"capJavaField\":\"Id\",\"usableColumn\":false,\"columnId\":110,\"isIncrement\":\"1\",\"increment\":true,\"insert\":true,\"dictType\":\"\",\"required\":false,\"superColumn\":false,\"updateBy\":\"\",\"isInsert\":\"1\",\"javaField\":\"id\",\"htmlType\":\"input\",\"edit\":false,\"query\":false,\"updateTime\":1614931596000,\"sort\":1,\"list\":false,\"params\":{},\"javaType\":\"Long\",\"queryType\":\"EQ\",\"columnType\":\"bigint(11)\",\"createBy\":\"admin\",\"isPk\":\"1\",\"createTime\":1614930884000,\"tableId\":14,\"pk\":true,\"columnName\":\"id\"},{\"capJavaField\":\"ChainId\",\"usableColumn\":false,\"columnId\":111,\"isIncrement\":\"0\",\"increment\":false,\"insert\":true,\"isList\":\"1\",\"dictType\":\"\",\"required\":true,\"superColumn\":false,\"updateBy\":\"\",\"isInsert\":\"1\",\"isRequired\":\"1\",\"javaField\":\"chainId\",\"htmlType\":\"input\",\"edit\":true,\"query\":true,\"columnComment\":\"链上记录\",\"isQuery\":\"1\",\"updateTime\":1614931596000,\"sort\":2,\"list\":true,\"params\":{},\"javaType\":\"Long\",\"queryType\":\"EQ\",\"columnType\":\"bigint(11)\",\"createBy\":\"admin\",\"isPk\":\"0\",\"createTime\":1614930884000,\"isEdit\":\"1\",\"tableId\":14,\"pk\":false,\"columnName\":\"chain_id\"},{\"capJavaField\":\"From\",\"usableColumn\":false,\"columnId\":112,\"isIncrement\":\"0\",\"increment\":false,\"insert\":true,\"isList\":\"1\",\"dictType\":\"\",\"required\":true,\"superColumn\":false,\"updateBy\":\"\",\"isInsert\":\"1\",\"isRequired\":\"1\",\"javaField\":\"from\",\"htmlType\":\"input\",\"edit\":true,\"query\":true,\"columnComment\":\"消耗地址\",\"isQuery\":\"1\",\"updateTime\":1614931596000,\"sort\":3,\"list\":true,\"params\":{},\"javaType\":\"String\",\"queryType\":\"EQ\",\"columnType\":\"varchar(64)\",\"createBy\":\"admin\",\"isPk\":\"0\",\"createTime\":1614930884000,\"isEdit\":\"1\",\"tableId\":14,\"pk\":false,\"columnName\":\"from\"},{\"capJavaField\":\"To\",\"usableColumn\":false,\"columnId\":113,\"isIncrement\":\"0\",\"increment\":false,\"insert\":true,\"isList\":\"1\",\"dictType\":\"\",\"required\":true,\"superColumn\":false,\"updateBy\":\"\",\"isInsert\":\"1\",\"isRequired\":\"1\",\"javaField\":\"to\",\"htmlType\":\"input\",\"edit\":true,\"query\":true,\"columnComment\":\"目标地址\",\"isQuery\":\"1\",\"updateTime\":1614931596000,\"sort\":4,\"list\":tr', '{\"msg\":\"操作成功\",\"code\":200}', 0, NULL, '2021-03-05 16:09:09');
INSERT INTO `sys_oper_log` VALUES (137, '代码生成', 2, 'com.ruoyi.generator.controller.GenController.editSave()', 'PUT', 1, 'admin', NULL, '/tool/gen', '127.0.0.1', '内网IP', '{\"sub\":false,\"functionAuthor\":\"l8oo8l\",\"columns\":[{\"capJavaField\":\"Id\",\"usableColumn\":false,\"columnId\":119,\"isIncrement\":\"1\",\"increment\":true,\"insert\":true,\"dictType\":\"\",\"required\":false,\"superColumn\":false,\"updateBy\":\"\",\"isInsert\":\"1\",\"javaField\":\"id\",\"htmlType\":\"input\",\"edit\":false,\"query\":false,\"updateTime\":1614931584000,\"sort\":1,\"list\":false,\"params\":{},\"javaType\":\"Long\",\"queryType\":\"EQ\",\"columnType\":\"bigint(11)\",\"createBy\":\"admin\",\"isPk\":\"1\",\"createTime\":1614930884000,\"tableId\":15,\"pk\":true,\"columnName\":\"id\"},{\"capJavaField\":\"From\",\"usableColumn\":false,\"columnId\":120,\"isIncrement\":\"0\",\"increment\":false,\"insert\":true,\"isList\":\"1\",\"dictType\":\"\",\"required\":true,\"superColumn\":false,\"updateBy\":\"\",\"isInsert\":\"1\",\"isRequired\":\"1\",\"javaField\":\"from\",\"htmlType\":\"input\",\"edit\":true,\"query\":true,\"columnComment\":\"来源地址\",\"isQuery\":\"1\",\"updateTime\":1614931584000,\"sort\":2,\"list\":true,\"params\":{},\"javaType\":\"String\",\"queryType\":\"EQ\",\"columnType\":\"varchar(64)\",\"createBy\":\"admin\",\"isPk\":\"0\",\"createTime\":1614930884000,\"isEdit\":\"1\",\"tableId\":15,\"pk\":false,\"columnName\":\"from\"},{\"capJavaField\":\"To\",\"usableColumn\":false,\"columnId\":121,\"isIncrement\":\"0\",\"increment\":false,\"insert\":true,\"isList\":\"1\",\"dictType\":\"\",\"required\":true,\"superColumn\":false,\"updateBy\":\"\",\"isInsert\":\"1\",\"isRequired\":\"1\",\"javaField\":\"to\",\"htmlType\":\"input\",\"edit\":true,\"query\":true,\"columnComment\":\"用户平台地址\",\"isQuery\":\"1\",\"updateTime\":1614931584000,\"sort\":3,\"list\":true,\"params\":{},\"javaType\":\"String\",\"queryType\":\"EQ\",\"columnType\":\"varchar(64)\",\"createBy\":\"admin\",\"isPk\":\"0\",\"createTime\":1614930884000,\"isEdit\":\"1\",\"tableId\":15,\"pk\":false,\"columnName\":\"to\"},{\"capJavaField\":\"Amount\",\"usableColumn\":false,\"columnId\":122,\"isIncrement\":\"0\",\"increment\":false,\"insert\":true,\"isList\":\"1\",\"dictType\":\"\",\"required\":true,\"superColumn\":false,\"updateBy\":\"\",\"isInsert\":\"1\",\"isRequired\":\"1\",\"javaField\":\"amount\",\"htmlType\":\"input\",\"edit\":true,\"query\":true,\"columnComment\":\"金额\",\"isQuery\":\"1\",\"updateTime\":1614931584000,\"sort\":4,\"list\":true,\"p', '{\"msg\":\"操作成功\",\"code\":200}', 0, NULL, '2021-03-05 16:09:17');
INSERT INTO `sys_oper_log` VALUES (138, '代码生成', 2, 'com.ruoyi.generator.controller.GenController.editSave()', 'PUT', 1, 'admin', NULL, '/tool/gen', '127.0.0.1', '内网IP', '{\"sub\":false,\"functionAuthor\":\"l8oo8l\",\"columns\":[{\"capJavaField\":\"Id\",\"usableColumn\":false,\"columnId\":128,\"isIncrement\":\"0\",\"increment\":false,\"insert\":true,\"dictType\":\"\",\"required\":false,\"superColumn\":false,\"updateBy\":\"\",\"isInsert\":\"1\",\"javaField\":\"id\",\"htmlType\":\"input\",\"edit\":false,\"query\":false,\"updateTime\":1614931377000,\"sort\":1,\"list\":false,\"params\":{},\"javaType\":\"Integer\",\"queryType\":\"EQ\",\"columnType\":\"int(8)\",\"createBy\":\"admin\",\"isPk\":\"1\",\"createTime\":1614930884000,\"tableId\":16,\"pk\":true,\"columnName\":\"id\"},{\"capJavaField\":\"Address\",\"usableColumn\":false,\"columnId\":129,\"isIncrement\":\"0\",\"increment\":false,\"insert\":true,\"isList\":\"1\",\"dictType\":\"\",\"required\":true,\"superColumn\":false,\"updateBy\":\"\",\"isInsert\":\"1\",\"isRequired\":\"1\",\"javaField\":\"address\",\"htmlType\":\"input\",\"edit\":true,\"query\":true,\"columnComment\":\"系统地址\",\"isQuery\":\"1\",\"updateTime\":1614931377000,\"sort\":2,\"list\":true,\"params\":{},\"javaType\":\"String\",\"queryType\":\"EQ\",\"columnType\":\"varchar(255)\",\"createBy\":\"admin\",\"isPk\":\"0\",\"createTime\":1614930884000,\"isEdit\":\"1\",\"tableId\":16,\"pk\":false,\"columnName\":\"address\"},{\"capJavaField\":\"Type\",\"usableColumn\":false,\"columnId\":130,\"isIncrement\":\"0\",\"increment\":false,\"insert\":true,\"isList\":\"1\",\"dictType\":\"\",\"required\":true,\"superColumn\":false,\"updateBy\":\"\",\"isInsert\":\"1\",\"isRequired\":\"1\",\"javaField\":\"type\",\"htmlType\":\"select\",\"edit\":true,\"query\":true,\"columnComment\":\"地址类型\",\"isQuery\":\"1\",\"updateTime\":1614931377000,\"sort\":3,\"list\":true,\"params\":{},\"javaType\":\"String\",\"queryType\":\"EQ\",\"columnType\":\"varchar(10)\",\"createBy\":\"admin\",\"isPk\":\"0\",\"createTime\":1614930884000,\"isEdit\":\"1\",\"tableId\":16,\"pk\":false,\"columnName\":\"type\"}],\"businessName\":\"sysaddress\",\"moduleName\":\"tron\",\"className\":\"TronSystemAddress\",\"tableName\":\"tron_system_address\",\"crud\":true,\"options\":\"{\\\"parentMenuId\\\":\\\"2000\\\"}\",\"genType\":\"0\",\"packageName\":\"com.ruoyi.tron\",\"functionName\":\"系统地址\",\"tree\":false,\"tableComment\":\"系统地址\",\"params\":{\"parentMenuId\":\"2000\"},\"tplCategory\":\"crud\",\"parentMenuId\":\"2000\",\"tableId\":', '{\"msg\":\"操作成功\",\"code\":200}', 0, NULL, '2021-03-05 16:09:26');
INSERT INTO `sys_oper_log` VALUES (139, '代码生成', 2, 'com.ruoyi.generator.controller.GenController.editSave()', 'PUT', 1, 'admin', NULL, '/tool/gen', '127.0.0.1', '内网IP', '{\"sub\":false,\"functionAuthor\":\"l8oo8l\",\"columns\":[{\"capJavaField\":\"Id\",\"usableColumn\":false,\"columnId\":131,\"isIncrement\":\"0\",\"increment\":false,\"insert\":true,\"dictType\":\"\",\"required\":false,\"superColumn\":false,\"updateBy\":\"\",\"isInsert\":\"1\",\"javaField\":\"id\",\"htmlType\":\"input\",\"edit\":false,\"query\":false,\"updateTime\":1614931428000,\"sort\":1,\"list\":false,\"params\":{},\"javaType\":\"Long\",\"queryType\":\"EQ\",\"columnType\":\"bigint(11)\",\"createBy\":\"admin\",\"isPk\":\"1\",\"createTime\":1614930884000,\"tableId\":17,\"pk\":true,\"columnName\":\"id\"},{\"capJavaField\":\"Address\",\"usableColumn\":false,\"columnId\":132,\"isIncrement\":\"0\",\"increment\":false,\"insert\":true,\"isList\":\"1\",\"dictType\":\"\",\"required\":true,\"superColumn\":false,\"updateBy\":\"\",\"isInsert\":\"1\",\"isRequired\":\"1\",\"javaField\":\"address\",\"htmlType\":\"input\",\"edit\":true,\"query\":true,\"columnComment\":\"地址\",\"isQuery\":\"1\",\"updateTime\":1614931428000,\"sort\":2,\"list\":true,\"params\":{},\"javaType\":\"String\",\"queryType\":\"EQ\",\"columnType\":\"varchar(64)\",\"createBy\":\"admin\",\"isPk\":\"0\",\"createTime\":1614930884000,\"isEdit\":\"1\",\"tableId\":17,\"pk\":false,\"columnName\":\"address\"},{\"capJavaField\":\"Type\",\"usableColumn\":false,\"columnId\":133,\"isIncrement\":\"0\",\"increment\":false,\"insert\":true,\"isList\":\"1\",\"dictType\":\"\",\"required\":false,\"superColumn\":false,\"updateBy\":\"\",\"isInsert\":\"1\",\"javaField\":\"type\",\"htmlType\":\"select\",\"edit\":true,\"query\":true,\"columnComment\":\"类型：1.带宽，2.能量\",\"isQuery\":\"1\",\"updateTime\":1614931428000,\"sort\":3,\"list\":true,\"params\":{},\"javaType\":\"Integer\",\"queryType\":\"EQ\",\"columnType\":\"int(2)\",\"createBy\":\"admin\",\"isPk\":\"0\",\"createTime\":1614930884000,\"isEdit\":\"1\",\"tableId\":17,\"pk\":false,\"columnName\":\"type\"},{\"capJavaField\":\"Direct\",\"usableColumn\":false,\"columnId\":134,\"isIncrement\":\"0\",\"increment\":false,\"insert\":true,\"isList\":\"1\",\"dictType\":\"\",\"required\":true,\"superColumn\":false,\"updateBy\":\"\",\"isInsert\":\"1\",\"isRequired\":\"1\",\"javaField\":\"direct\",\"htmlType\":\"input\",\"edit\":true,\"query\":true,\"columnComment\":\"方向：0.冻结、1.解冻\",\"isQuery\":\"1\",\"updateTime\":1614931428000,\"sort\":4,\"li', '{\"msg\":\"操作成功\",\"code\":200}', 0, NULL, '2021-03-05 16:09:39');
INSERT INTO `sys_oper_log` VALUES (140, '代码生成', 2, 'com.ruoyi.generator.controller.GenController.editSave()', 'PUT', 1, 'admin', NULL, '/tool/gen', '127.0.0.1', '内网IP', '{\"sub\":false,\"functionAuthor\":\"l8oo8l\",\"columns\":[{\"capJavaField\":\"Id\",\"usableColumn\":false,\"columnId\":138,\"isIncrement\":\"0\",\"increment\":false,\"insert\":true,\"dictType\":\"\",\"required\":false,\"superColumn\":false,\"updateBy\":\"\",\"isInsert\":\"1\",\"javaField\":\"id\",\"htmlType\":\"input\",\"edit\":false,\"query\":false,\"updateTime\":1614931548000,\"sort\":1,\"list\":false,\"params\":{},\"javaType\":\"Long\",\"queryType\":\"EQ\",\"columnType\":\"bigint(11)\",\"createBy\":\"admin\",\"isPk\":\"1\",\"createTime\":1614930884000,\"tableId\":18,\"pk\":true,\"columnName\":\"id\"},{\"capJavaField\":\"From\",\"usableColumn\":false,\"columnId\":139,\"isIncrement\":\"0\",\"increment\":false,\"insert\":true,\"isList\":\"1\",\"dictType\":\"\",\"required\":true,\"superColumn\":false,\"updateBy\":\"\",\"isInsert\":\"1\",\"isRequired\":\"1\",\"javaField\":\"from\",\"htmlType\":\"input\",\"edit\":true,\"query\":true,\"columnComment\":\"来源地址\",\"isQuery\":\"1\",\"updateTime\":1614931548000,\"sort\":2,\"list\":true,\"params\":{},\"javaType\":\"String\",\"queryType\":\"EQ\",\"columnType\":\"varchar(64)\",\"createBy\":\"admin\",\"isPk\":\"0\",\"createTime\":1614930884000,\"isEdit\":\"1\",\"tableId\":18,\"pk\":false,\"columnName\":\"from\"},{\"capJavaField\":\"To\",\"usableColumn\":false,\"columnId\":140,\"isIncrement\":\"0\",\"increment\":false,\"insert\":true,\"isList\":\"1\",\"dictType\":\"\",\"required\":true,\"superColumn\":false,\"updateBy\":\"\",\"isInsert\":\"1\",\"isRequired\":\"1\",\"javaField\":\"to\",\"htmlType\":\"input\",\"edit\":true,\"query\":true,\"columnComment\":\"用户平台地址\",\"isQuery\":\"1\",\"updateTime\":1614931548000,\"sort\":3,\"list\":true,\"params\":{},\"javaType\":\"String\",\"queryType\":\"EQ\",\"columnType\":\"varchar(64)\",\"createBy\":\"admin\",\"isPk\":\"0\",\"createTime\":1614930884000,\"isEdit\":\"1\",\"tableId\":18,\"pk\":false,\"columnName\":\"to\"},{\"capJavaField\":\"Amount\",\"usableColumn\":false,\"columnId\":141,\"isIncrement\":\"0\",\"increment\":false,\"insert\":true,\"isList\":\"1\",\"dictType\":\"\",\"required\":true,\"superColumn\":false,\"updateBy\":\"\",\"isInsert\":\"1\",\"isRequired\":\"1\",\"javaField\":\"amount\",\"htmlType\":\"input\",\"edit\":true,\"query\":true,\"columnComment\":\"金额\",\"isQuery\":\"1\",\"updateTime\":1614931548000,\"sort\":4,\"list\":true,\"', '{\"msg\":\"操作成功\",\"code\":200}', 0, NULL, '2021-03-05 16:09:47');
INSERT INTO `sys_oper_log` VALUES (141, '代码生成', 8, 'com.ruoyi.generator.controller.GenController.batchGenCode()', 'GET', 1, 'admin', NULL, '/tool/gen/batchGenCode', '127.0.0.1', '内网IP', '{}', 'null', 0, NULL, '2021-03-05 16:09:53');
INSERT INTO `sys_oper_log` VALUES (142, '代码生成', 8, 'com.dadsunion.tron.generator.controller.GenController.batchGenCode()', 'GET', 1, 'admin', NULL, '/tool/gen/batchGenCode', '127.0.0.1', '内网IP', '{}', 'null', 0, NULL, '2021-03-05 18:00:41');
INSERT INTO `sys_oper_log` VALUES (143, '代码生成', 8, 'com.dadsunion.generator.controller.GenController.batchGenCode()', 'GET', 1, 'admin', NULL, '/tool/gen/batchGenCode', '127.0.0.1', '内网IP', '{}', 'null', 0, NULL, '2021-03-05 18:16:22');
INSERT INTO `sys_oper_log` VALUES (144, '代码生成', 8, 'com.dadsunion.generator.controller.GenController.batchGenCode()', 'GET', 1, 'admin', NULL, '/tool/gen/batchGenCode', '127.0.0.1', '内网IP', '{}', 'null', 0, NULL, '2021-03-05 18:17:30');
INSERT INTO `sys_oper_log` VALUES (145, '代码生成', 8, 'com.dadsunion.generator.controller.GenController.batchGenCode()', 'GET', 1, 'admin', NULL, '/tool/gen/batchGenCode', '127.0.0.1', '内网IP', '{}', 'null', 0, NULL, '2021-03-05 18:22:15');
INSERT INTO `sys_oper_log` VALUES (146, '代码生成', 2, 'com.dadsunion.generator.controller.GenController.editSave()', 'PUT', 1, 'admin', NULL, '/tool/gen', '127.0.0.1', '内网IP', '{\"sub\":false,\"functionAuthor\":\"l8oo8l\",\"columns\":[{\"capJavaField\":\"Block\",\"usableColumn\":false,\"columnId\":8,\"isIncrement\":\"0\",\"increment\":false,\"insert\":true,\"isList\":\"1\",\"dictType\":\"\",\"required\":false,\"superColumn\":false,\"updateBy\":\"\",\"isInsert\":\"1\",\"javaField\":\"block\",\"htmlType\":\"input\",\"edit\":true,\"query\":true,\"columnComment\":\"区块高度\",\"isQuery\":\"1\",\"updateTime\":1614930601000,\"sort\":1,\"list\":true,\"params\":{},\"javaType\":\"Long\",\"queryType\":\"EQ\",\"columnType\":\"tinyint(20)\",\"createBy\":\"admin\",\"isPk\":\"0\",\"createTime\":1614929214000,\"isEdit\":\"1\",\"tableId\":2,\"pk\":false,\"columnName\":\"block\"}],\"businessName\":\"blockheight\",\"moduleName\":\"tron\",\"className\":\"TronBlock\",\"tableName\":\"tron_block\",\"crud\":true,\"options\":\"{\\\"parentMenuId\\\":\\\"2000\\\"}\",\"genType\":\"0\",\"packageName\":\"com.dadsunion.tron\",\"functionName\":\"区块高度\",\"tree\":false,\"tableComment\":\"区块高度记录表\",\"params\":{\"parentMenuId\":\"2000\"},\"tplCategory\":\"crud\",\"parentMenuId\":\"2000\",\"tableId\":2,\"genPath\":\"/\"}', '{\"msg\":\"操作成功\",\"code\":200}', 0, NULL, '2021-03-05 18:54:35');
INSERT INTO `sys_oper_log` VALUES (147, '代码生成', 8, 'com.dadsunion.generator.controller.GenController.batchGenCode()', 'GET', 1, 'admin', NULL, '/tool/gen/batchGenCode', '127.0.0.1', '内网IP', '{}', 'null', 0, NULL, '2021-03-05 18:54:42');

-- ----------------------------
-- Table structure for sys_post
-- ----------------------------
DROP TABLE IF EXISTS `sys_post`;
CREATE TABLE `sys_post`  (
  `post_id` bigint(20) NOT NULL AUTO_INCREMENT COMMENT '岗位ID',
  `post_code` varchar(64) CHARACTER SET utf8 COLLATE utf8_general_ci NOT NULL COMMENT '岗位编码',
  `post_name` varchar(50) CHARACTER SET utf8 COLLATE utf8_general_ci NOT NULL COMMENT '岗位名称',
  `post_sort` int(4) NOT NULL COMMENT '显示顺序',
  `status` char(1) CHARACTER SET utf8 COLLATE utf8_general_ci NOT NULL COMMENT '状态（0正常 1停用）',
  `create_by` varchar(64) CHARACTER SET utf8 COLLATE utf8_general_ci NULL DEFAULT '' COMMENT '创建者',
  `create_time` datetime(0) NULL DEFAULT NULL COMMENT '创建时间',
  `update_by` varchar(64) CHARACTER SET utf8 COLLATE utf8_general_ci NULL DEFAULT '' COMMENT '更新者',
  `update_time` datetime(0) NULL DEFAULT NULL COMMENT '更新时间',
  `remark` varchar(500) CHARACTER SET utf8 COLLATE utf8_general_ci NULL DEFAULT NULL COMMENT '备注',
  PRIMARY KEY (`post_id`) USING BTREE
) ENGINE = InnoDB AUTO_INCREMENT = 5 CHARACTER SET = utf8 COLLATE = utf8_general_ci COMMENT = '岗位信息表' ROW_FORMAT = Dynamic;

-- ----------------------------
-- Records of sys_post
-- ----------------------------
INSERT INTO `sys_post` VALUES (1, 'ceo', '董事长', 1, '0', 'admin', '2021-03-05 11:55:13', '', NULL, '');
INSERT INTO `sys_post` VALUES (2, 'se', '项目经理', 2, '0', 'admin', '2021-03-05 11:55:13', '', NULL, '');
INSERT INTO `sys_post` VALUES (3, 'hr', '人力资源', 3, '0', 'admin', '2021-03-05 11:55:13', '', NULL, '');
INSERT INTO `sys_post` VALUES (4, 'user', '普通员工', 4, '0', 'admin', '2021-03-05 11:55:13', '', NULL, '');

-- ----------------------------
-- Table structure for sys_role
-- ----------------------------
DROP TABLE IF EXISTS `sys_role`;
CREATE TABLE `sys_role`  (
  `role_id` bigint(20) NOT NULL AUTO_INCREMENT COMMENT '角色ID',
  `role_name` varchar(30) CHARACTER SET utf8 COLLATE utf8_general_ci NOT NULL COMMENT '角色名称',
  `role_key` varchar(100) CHARACTER SET utf8 COLLATE utf8_general_ci NOT NULL COMMENT '角色权限字符串',
  `role_sort` int(4) NOT NULL COMMENT '显示顺序',
  `data_scope` char(1) CHARACTER SET utf8 COLLATE utf8_general_ci NULL DEFAULT '1' COMMENT '数据范围（1：全部数据权限 2：自定数据权限 3：本部门数据权限 4：本部门及以下数据权限）',
  `menu_check_strictly` tinyint(1) NULL DEFAULT 1 COMMENT '菜单树选择项是否关联显示',
  `dept_check_strictly` tinyint(1) NULL DEFAULT 1 COMMENT '部门树选择项是否关联显示',
  `status` char(1) CHARACTER SET utf8 COLLATE utf8_general_ci NOT NULL COMMENT '角色状态（0正常 1停用）',
  `del_flag` char(1) CHARACTER SET utf8 COLLATE utf8_general_ci NULL DEFAULT '0' COMMENT '删除标志（0代表存在 2代表删除）',
  `create_by` varchar(64) CHARACTER SET utf8 COLLATE utf8_general_ci NULL DEFAULT '' COMMENT '创建者',
  `create_time` datetime(0) NULL DEFAULT NULL COMMENT '创建时间',
  `update_by` varchar(64) CHARACTER SET utf8 COLLATE utf8_general_ci NULL DEFAULT '' COMMENT '更新者',
  `update_time` datetime(0) NULL DEFAULT NULL COMMENT '更新时间',
  `remark` varchar(500) CHARACTER SET utf8 COLLATE utf8_general_ci NULL DEFAULT NULL COMMENT '备注',
  PRIMARY KEY (`role_id`) USING BTREE
) ENGINE = InnoDB AUTO_INCREMENT = 100 CHARACTER SET = utf8 COLLATE = utf8_general_ci COMMENT = '角色信息表' ROW_FORMAT = Dynamic;

-- ----------------------------
-- Records of sys_role
-- ----------------------------
INSERT INTO `sys_role` VALUES (1, '超级管理员', 'admin', 1, '1', 1, 1, '0', '0', 'admin', '2021-03-05 11:55:13', '', NULL, '超级管理员');
INSERT INTO `sys_role` VALUES (2, '普通角色', 'common', 2, '2', 1, 1, '0', '0', 'admin', '2021-03-05 11:55:13', 'admin', '2021-03-05 15:43:19', '普通角色');

-- ----------------------------
-- Table structure for sys_role_dept
-- ----------------------------
DROP TABLE IF EXISTS `sys_role_dept`;
CREATE TABLE `sys_role_dept`  (
  `role_id` bigint(20) NOT NULL COMMENT '角色ID',
  `dept_id` bigint(20) NOT NULL COMMENT '部门ID',
  PRIMARY KEY (`role_id`, `dept_id`) USING BTREE
) ENGINE = InnoDB CHARACTER SET = utf8 COLLATE = utf8_general_ci COMMENT = '角色和部门关联表' ROW_FORMAT = Dynamic;

-- ----------------------------
-- Records of sys_role_dept
-- ----------------------------
INSERT INTO `sys_role_dept` VALUES (2, 100);
INSERT INTO `sys_role_dept` VALUES (2, 101);
INSERT INTO `sys_role_dept` VALUES (2, 105);

-- ----------------------------
-- Table structure for sys_role_menu
-- ----------------------------
DROP TABLE IF EXISTS `sys_role_menu`;
CREATE TABLE `sys_role_menu`  (
  `role_id` bigint(20) NOT NULL COMMENT '角色ID',
  `menu_id` bigint(20) NOT NULL COMMENT '菜单ID',
  PRIMARY KEY (`role_id`, `menu_id`) USING BTREE
) ENGINE = InnoDB CHARACTER SET = utf8 COLLATE = utf8_general_ci COMMENT = '角色和菜单关联表' ROW_FORMAT = Dynamic;

-- ----------------------------
-- Records of sys_role_menu
-- ----------------------------
INSERT INTO `sys_role_menu` VALUES (2, 1);
INSERT INTO `sys_role_menu` VALUES (2, 2);
INSERT INTO `sys_role_menu` VALUES (2, 3);
INSERT INTO `sys_role_menu` VALUES (2, 100);
INSERT INTO `sys_role_menu` VALUES (2, 101);
INSERT INTO `sys_role_menu` VALUES (2, 102);
INSERT INTO `sys_role_menu` VALUES (2, 103);
INSERT INTO `sys_role_menu` VALUES (2, 104);
INSERT INTO `sys_role_menu` VALUES (2, 105);
INSERT INTO `sys_role_menu` VALUES (2, 106);
INSERT INTO `sys_role_menu` VALUES (2, 107);
INSERT INTO `sys_role_menu` VALUES (2, 108);
INSERT INTO `sys_role_menu` VALUES (2, 109);
INSERT INTO `sys_role_menu` VALUES (2, 110);
INSERT INTO `sys_role_menu` VALUES (2, 111);
INSERT INTO `sys_role_menu` VALUES (2, 112);
INSERT INTO `sys_role_menu` VALUES (2, 113);
INSERT INTO `sys_role_menu` VALUES (2, 114);
INSERT INTO `sys_role_menu` VALUES (2, 115);
INSERT INTO `sys_role_menu` VALUES (2, 116);
INSERT INTO `sys_role_menu` VALUES (2, 500);
INSERT INTO `sys_role_menu` VALUES (2, 501);
INSERT INTO `sys_role_menu` VALUES (2, 1001);
INSERT INTO `sys_role_menu` VALUES (2, 1002);
INSERT INTO `sys_role_menu` VALUES (2, 1003);
INSERT INTO `sys_role_menu` VALUES (2, 1004);
INSERT INTO `sys_role_menu` VALUES (2, 1005);
INSERT INTO `sys_role_menu` VALUES (2, 1006);
INSERT INTO `sys_role_menu` VALUES (2, 1007);
INSERT INTO `sys_role_menu` VALUES (2, 1008);
INSERT INTO `sys_role_menu` VALUES (2, 1009);
INSERT INTO `sys_role_menu` VALUES (2, 1010);
INSERT INTO `sys_role_menu` VALUES (2, 1011);
INSERT INTO `sys_role_menu` VALUES (2, 1012);
INSERT INTO `sys_role_menu` VALUES (2, 1013);
INSERT INTO `sys_role_menu` VALUES (2, 1014);
INSERT INTO `sys_role_menu` VALUES (2, 1015);
INSERT INTO `sys_role_menu` VALUES (2, 1016);
INSERT INTO `sys_role_menu` VALUES (2, 1017);
INSERT INTO `sys_role_menu` VALUES (2, 1018);
INSERT INTO `sys_role_menu` VALUES (2, 1019);
INSERT INTO `sys_role_menu` VALUES (2, 1020);
INSERT INTO `sys_role_menu` VALUES (2, 1021);
INSERT INTO `sys_role_menu` VALUES (2, 1022);
INSERT INTO `sys_role_menu` VALUES (2, 1023);
INSERT INTO `sys_role_menu` VALUES (2, 1024);
INSERT INTO `sys_role_menu` VALUES (2, 1025);
INSERT INTO `sys_role_menu` VALUES (2, 1026);
INSERT INTO `sys_role_menu` VALUES (2, 1027);
INSERT INTO `sys_role_menu` VALUES (2, 1028);
INSERT INTO `sys_role_menu` VALUES (2, 1029);
INSERT INTO `sys_role_menu` VALUES (2, 1030);
INSERT INTO `sys_role_menu` VALUES (2, 1031);
INSERT INTO `sys_role_menu` VALUES (2, 1032);
INSERT INTO `sys_role_menu` VALUES (2, 1033);
INSERT INTO `sys_role_menu` VALUES (2, 1034);
INSERT INTO `sys_role_menu` VALUES (2, 1035);
INSERT INTO `sys_role_menu` VALUES (2, 1036);
INSERT INTO `sys_role_menu` VALUES (2, 1037);
INSERT INTO `sys_role_menu` VALUES (2, 1038);
INSERT INTO `sys_role_menu` VALUES (2, 1039);
INSERT INTO `sys_role_menu` VALUES (2, 1040);
INSERT INTO `sys_role_menu` VALUES (2, 1041);
INSERT INTO `sys_role_menu` VALUES (2, 1042);
INSERT INTO `sys_role_menu` VALUES (2, 1043);
INSERT INTO `sys_role_menu` VALUES (2, 1044);
INSERT INTO `sys_role_menu` VALUES (2, 1045);
INSERT INTO `sys_role_menu` VALUES (2, 1046);
INSERT INTO `sys_role_menu` VALUES (2, 1047);
INSERT INTO `sys_role_menu` VALUES (2, 1048);
INSERT INTO `sys_role_menu` VALUES (2, 1049);
INSERT INTO `sys_role_menu` VALUES (2, 1050);
INSERT INTO `sys_role_menu` VALUES (2, 1051);
INSERT INTO `sys_role_menu` VALUES (2, 1052);
INSERT INTO `sys_role_menu` VALUES (2, 1053);
INSERT INTO `sys_role_menu` VALUES (2, 1054);
INSERT INTO `sys_role_menu` VALUES (2, 1055);
INSERT INTO `sys_role_menu` VALUES (2, 1056);
INSERT INTO `sys_role_menu` VALUES (2, 1057);
INSERT INTO `sys_role_menu` VALUES (2, 1058);
INSERT INTO `sys_role_menu` VALUES (2, 1059);
INSERT INTO `sys_role_menu` VALUES (2, 1060);

-- ----------------------------
-- Table structure for sys_user
-- ----------------------------
DROP TABLE IF EXISTS `sys_user`;
CREATE TABLE `sys_user`  (
  `user_id` bigint(20) NOT NULL AUTO_INCREMENT COMMENT '用户ID',
  `dept_id` bigint(20) NULL DEFAULT NULL COMMENT '部门ID',
  `user_name` varchar(30) CHARACTER SET utf8 COLLATE utf8_general_ci NOT NULL COMMENT '用户账号',
  `nick_name` varchar(30) CHARACTER SET utf8 COLLATE utf8_general_ci NOT NULL COMMENT '用户昵称',
  `user_type` varchar(2) CHARACTER SET utf8 COLLATE utf8_general_ci NULL DEFAULT '00' COMMENT '用户类型（00系统用户）',
  `email` varchar(50) CHARACTER SET utf8 COLLATE utf8_general_ci NULL DEFAULT '' COMMENT '用户邮箱',
  `phonenumber` varchar(11) CHARACTER SET utf8 COLLATE utf8_general_ci NULL DEFAULT '' COMMENT '手机号码',
  `sex` char(1) CHARACTER SET utf8 COLLATE utf8_general_ci NULL DEFAULT '0' COMMENT '用户性别（0男 1女 2未知）',
  `avatar` varchar(100) CHARACTER SET utf8 COLLATE utf8_general_ci NULL DEFAULT '' COMMENT '头像地址',
  `password` varchar(100) CHARACTER SET utf8 COLLATE utf8_general_ci NULL DEFAULT '' COMMENT '密码',
  `status` char(1) CHARACTER SET utf8 COLLATE utf8_general_ci NULL DEFAULT '0' COMMENT '帐号状态（0正常 1停用）',
  `del_flag` char(1) CHARACTER SET utf8 COLLATE utf8_general_ci NULL DEFAULT '0' COMMENT '删除标志（0代表存在 2代表删除）',
  `login_ip` varchar(128) CHARACTER SET utf8 COLLATE utf8_general_ci NULL DEFAULT '' COMMENT '最后登录IP',
  `login_date` datetime(0) NULL DEFAULT NULL COMMENT '最后登录时间',
  `create_by` varchar(64) CHARACTER SET utf8 COLLATE utf8_general_ci NULL DEFAULT '' COMMENT '创建者',
  `create_time` datetime(0) NULL DEFAULT NULL COMMENT '创建时间',
  `update_by` varchar(64) CHARACTER SET utf8 COLLATE utf8_general_ci NULL DEFAULT '' COMMENT '更新者',
  `update_time` datetime(0) NULL DEFAULT NULL COMMENT '更新时间',
  `remark` varchar(500) CHARACTER SET utf8 COLLATE utf8_general_ci NULL DEFAULT NULL COMMENT '备注',
  PRIMARY KEY (`user_id`) USING BTREE
) ENGINE = InnoDB AUTO_INCREMENT = 100 CHARACTER SET = utf8 COLLATE = utf8_general_ci COMMENT = '用户信息表' ROW_FORMAT = Dynamic;

-- ----------------------------
-- Records of sys_user
-- ----------------------------
INSERT INTO `sys_user` VALUES (1, 103, 'admin', '若依', '00', 'ry@163.com', '15888888888', '1', '', '$2a$10$7JB720yubVSZvUI0rEqK/.VqGOZTH.ulu33dHOiBE8ByOhJIrdAu2', '0', '0', '127.0.0.1', '2021-03-05 11:55:13', 'admin', '2021-03-05 11:55:13', '', NULL, '管理员');
INSERT INTO `sys_user` VALUES (2, 105, 'ry', '若依', '00', 'ry@qq.com', '15666666666', '1', '', '$2a$10$7JB720yubVSZvUI0rEqK/.VqGOZTH.ulu33dHOiBE8ByOhJIrdAu2', '0', '0', '127.0.0.1', '2021-03-05 11:55:13', 'admin', '2021-03-05 11:55:13', '', NULL, '测试员');

-- ----------------------------
-- Table structure for sys_user_post
-- ----------------------------
DROP TABLE IF EXISTS `sys_user_post`;
CREATE TABLE `sys_user_post`  (
  `user_id` bigint(20) NOT NULL COMMENT '用户ID',
  `post_id` bigint(20) NOT NULL COMMENT '岗位ID',
  PRIMARY KEY (`user_id`, `post_id`) USING BTREE
) ENGINE = InnoDB CHARACTER SET = utf8 COLLATE = utf8_general_ci COMMENT = '用户与岗位关联表' ROW_FORMAT = Dynamic;

-- ----------------------------
-- Records of sys_user_post
-- ----------------------------
INSERT INTO `sys_user_post` VALUES (1, 1);
INSERT INTO `sys_user_post` VALUES (2, 2);

-- ----------------------------
-- Table structure for sys_user_role
-- ----------------------------
DROP TABLE IF EXISTS `sys_user_role`;
CREATE TABLE `sys_user_role`  (
  `user_id` bigint(20) NOT NULL COMMENT '用户ID',
  `role_id` bigint(20) NOT NULL COMMENT '角色ID',
  PRIMARY KEY (`user_id`, `role_id`) USING BTREE
) ENGINE = InnoDB CHARACTER SET = utf8 COLLATE = utf8_general_ci COMMENT = '用户和角色关联表' ROW_FORMAT = Dynamic;

-- ----------------------------
-- Records of sys_user_role
-- ----------------------------
INSERT INTO `sys_user_role` VALUES (1, 1);
INSERT INTO `sys_user_role` VALUES (2, 2);

-- ----------------------------
-- Table structure for tron_address
-- ----------------------------
DROP TABLE IF EXISTS `tron_address`;
CREATE TABLE `tron_address`  (
  `id` bigint(11) NOT NULL AUTO_INCREMENT,
  `user_id` varchar(32) CHARACTER SET utf8 COLLATE utf8_general_ci NOT NULL COMMENT '用户ID',
  `address` varchar(64) CHARACTER SET utf8 COLLATE utf8_general_ci NOT NULL COMMENT '地址',
  `activated` tinyint(1) NOT NULL COMMENT '是否已激活，0.未激活，1.已激活',
  `secretkey` varchar(255) CHARACTER SET utf8 COLLATE utf8_general_ci NOT NULL COMMENT '秘钥',
  `create_time` datetime(0) NOT NULL DEFAULT CURRENT_TIMESTAMP,
  `update_time` datetime(0) NULL DEFAULT NULL ON UPDATE CURRENT_TIMESTAMP(0),
  PRIMARY KEY (`id`) USING BTREE
) ENGINE = InnoDB AUTO_INCREMENT = 1 CHARACTER SET = utf8 COLLATE = utf8_general_ci COMMENT = '钱包地址表' ROW_FORMAT = Dynamic;

-- ----------------------------
-- Table structure for tron_block
-- ----------------------------
DROP TABLE IF EXISTS `tron_block`;
CREATE TABLE `tron_block`  (
  `block` tinyint(20) NULL DEFAULT NULL COMMENT '区块高度'
) ENGINE = InnoDB CHARACTER SET = utf8 COLLATE = utf8_general_ci COMMENT = '波场区块信息' ROW_FORMAT = Dynamic;

-- ----------------------------
-- Table structure for tron_chain_record
-- ----------------------------
DROP TABLE IF EXISTS `tron_chain_record`;
CREATE TABLE `tron_chain_record`  (
  `id` bigint(11) NOT NULL AUTO_INCREMENT,
  `type` tinyint(1) NOT NULL COMMENT '类型，1.转账，2.带宽，3流量，4.合约',
  `height` bigint(11) NOT NULL COMMENT '区块高度',
  `contract_addr` varchar(64) CHARACTER SET utf8 COLLATE utf8_general_ci NULL DEFAULT NULL COMMENT '合约地址',
  `from` varchar(64) CHARACTER SET utf8 COLLATE utf8_general_ci NOT NULL COMMENT '发送地址',
  `to` varchar(64) CHARACTER SET utf8 COLLATE utf8_general_ci NOT NULL COMMENT '目标地址',
  `amount` bigint(50) NULL DEFAULT NULL COMMENT '金额，没有小数位',
  `bandwidth` bigint(50) NULL DEFAULT NULL COMMENT '消耗带宽',
  `energy` bigint(50) NULL DEFAULT NULL COMMENT '消耗能量',
  `born_trx` decimal(50, 20) NULL DEFAULT NULL COMMENT '消耗trx',
  `block_info` varchar(255) CHARACTER SET utf8 COLLATE utf8_general_ci NULL DEFAULT NULL COMMENT '区块信息',
  `state` int(1) NOT NULL COMMENT '状态，1.已发送，2.打包中，3.成功，4，失败',
  `err_msg` varchar(255) CHARACTER SET utf8 COLLATE utf8_general_ci NULL DEFAULT NULL COMMENT '失败信息',
  `related_id` bigint(11) NULL DEFAULT NULL COMMENT '关联ID',
  `remark` varchar(255) CHARACTER SET utf8 COLLATE utf8_general_ci NULL DEFAULT NULL COMMENT '备注',
  PRIMARY KEY (`id`) USING BTREE
) ENGINE = InnoDB AUTO_INCREMENT = 1 CHARACTER SET = utf8 COLLATE = utf8_general_ci COMMENT = '波场链上交互信息' ROW_FORMAT = Dynamic;

-- ----------------------------
-- Table structure for tron_coin_type
-- ----------------------------
DROP TABLE IF EXISTS `tron_coin_type`;
CREATE TABLE `tron_coin_type`  (
  `id` int(11) NOT NULL AUTO_INCREMENT,
  `symbol` varchar(20) CHARACTER SET utf8 COLLATE utf8_general_ci NOT NULL COMMENT '代币符号（唯一）',
  `type` int(2) NOT NULL COMMENT '类型：0.主币,1.TRC10,2.TRC20',
  `is_master` tinyint(1) NOT NULL COMMENT '是否主币',
  `name` varchar(20) CHARACTER SET utf8 COLLATE utf8_general_ci NOT NULL COMMENT '币种名称',
  `contract_addr` varchar(64) CHARACTER SET utf8 COLLATE utf8_general_ci NULL DEFAULT NULL COMMENT '合约地址',
  `scale` int(2) NULL DEFAULT NULL COMMENT '小数位',
  PRIMARY KEY (`id`) USING BTREE
) ENGINE = InnoDB AUTO_INCREMENT = 1 CHARACTER SET = utf8 COLLATE = utf8_general_ci COMMENT = '币种管理' ROW_FORMAT = Dynamic;

-- ----------------------------
-- Table structure for tron_collect_record
-- ----------------------------
DROP TABLE IF EXISTS `tron_collect_record`;
CREATE TABLE `tron_collect_record`  (
  `id` bigint(11) NOT NULL AUTO_INCREMENT,
  `recharge_id` bigint(11) NOT NULL COMMENT '充值记录ID',
  `recharge_chain_id` bigint(11) NOT NULL COMMENT '充值链上ID',
  `collect_chain_id` bigint(11) NULL DEFAULT NULL COMMENT '归集ID',
  `amount` decimal(50, 20) NULL DEFAULT NULL,
  `from` varchar(64) CHARACTER SET utf8 COLLATE utf8_general_ci NULL DEFAULT NULL COMMENT '来源地址，用户平台地址',
  `to` varchar(64) CHARACTER SET utf8 COLLATE utf8_general_ci NULL DEFAULT NULL COMMENT '目标地址',
  `state` tinyint(1) NOT NULL COMMENT '状态：0.待归集，1.归集中，2.归集完成，3.归集失败',
  `create_time` datetime(0) NOT NULL DEFAULT CURRENT_TIMESTAMP COMMENT '创建时间',
  `update_time` datetime(0) NULL DEFAULT NULL ON UPDATE CURRENT_TIMESTAMP(0) COMMENT '修改时间',
  PRIMARY KEY (`id`) USING BTREE
) ENGINE = InnoDB AUTO_INCREMENT = 1 CHARACTER SET = utf8 COLLATE = utf8_general_ci COMMENT = '归集记录' ROW_FORMAT = Dynamic;

-- ----------------------------
-- Table structure for tron_consume_record
-- ----------------------------
DROP TABLE IF EXISTS `tron_consume_record`;
CREATE TABLE `tron_consume_record`  (
  `id` bigint(11) NOT NULL AUTO_INCREMENT,
  `chain_id` bigint(11) NOT NULL COMMENT '链上记录',
  `from` varchar(64) CHARACTER SET utf8 COLLATE utf8_general_ci NOT NULL COMMENT '消耗地址',
  `to` varchar(64) CHARACTER SET utf8 COLLATE utf8_general_ci NOT NULL COMMENT '目标地址',
  `type` int(2) NOT NULL COMMENT '类型：1.激活，2.获取带宽，3.获取能量',
  `state` int(2) NOT NULL COMMENT '状态：0.待处理，1.处理中，2.处理完成',
  `count` decimal(50, 20) NULL DEFAULT NULL COMMENT '消耗数量',
  `create_time` datetime(0) NOT NULL DEFAULT CURRENT_TIMESTAMP COMMENT '创建时间',
  `update_time` datetime(0) NULL DEFAULT NULL,
  PRIMARY KEY (`id`) USING BTREE
) ENGINE = InnoDB AUTO_INCREMENT = 1 CHARACTER SET = utf8 COLLATE = utf8_general_ci COMMENT = '消耗记录' ROW_FORMAT = Dynamic;

-- ----------------------------
-- Table structure for tron_recharge_record
-- ----------------------------
DROP TABLE IF EXISTS `tron_recharge_record`;
CREATE TABLE `tron_recharge_record`  (
  `id` bigint(11) NOT NULL AUTO_INCREMENT,
  `from` varchar(64) CHARACTER SET utf8 COLLATE utf8_general_ci NOT NULL COMMENT '来源地址',
  `to` varchar(64) CHARACTER SET utf8 COLLATE utf8_general_ci NOT NULL COMMENT '用户平台地址',
  `amount` decimal(50, 20) NOT NULL COMMENT '金额',
  `state` tinyint(1) NOT NULL COMMENT '状态，0.待归集，1.已归集',
  `symbol` varchar(20) CHARACTER SET utf8 COLLATE utf8_general_ci NOT NULL COMMENT '币种符号',
  `chain_id` bigint(20) NOT NULL COMMENT '链上关联ID',
  `create_time` datetime(0) NOT NULL DEFAULT CURRENT_TIMESTAMP COMMENT '创建时间',
  `update_time` datetime(0) NULL DEFAULT NULL ON UPDATE CURRENT_TIMESTAMP(0) COMMENT '修改时间',
  PRIMARY KEY (`id`) USING BTREE
) ENGINE = InnoDB AUTO_INCREMENT = 1 CHARACTER SET = utf8 COLLATE = utf8_general_ci COMMENT = '充值记录' ROW_FORMAT = Dynamic;

-- ----------------------------
-- Table structure for tron_system_address
-- ----------------------------
DROP TABLE IF EXISTS `tron_system_address`;
CREATE TABLE `tron_system_address`  (
  `id` int(8) NOT NULL,
  `address` varchar(255) CHARACTER SET utf8 COLLATE utf8_general_ci NOT NULL COMMENT '系统地址',
  `type` varchar(10) CHARACTER SET utf8 COLLATE utf8_general_ci NOT NULL COMMENT '地址类型',
  PRIMARY KEY (`id`) USING BTREE
) ENGINE = InnoDB CHARACTER SET = utf8 COLLATE = utf8_general_ci COMMENT = '系统地址' ROW_FORMAT = Dynamic;

-- ----------------------------
-- Records of tron_system_address
-- ----------------------------
INSERT INTO `tron_system_address` VALUES (1, '123', 'cold');
INSERT INTO `tron_system_address` VALUES (2, '321', 'withdraw');
INSERT INTO `tron_system_address` VALUES (3, '123123', 'consume');

-- ----------------------------
-- Table structure for tron_unfreeze_record
-- ----------------------------
DROP TABLE IF EXISTS `tron_unfreeze_record`;
CREATE TABLE `tron_unfreeze_record`  (
  `id` bigint(11) NOT NULL,
  `address` varchar(64) CHARACTER SET utf8 COLLATE utf8_general_ci NOT NULL COMMENT '地址',
  `type` int(2) NULL DEFAULT NULL COMMENT '类型：1.带宽，2.能量',
  `direct` tinyint(1) NOT NULL COMMENT '方向：0.冻结、1.解冻',
  `state` int(2) NOT NULL COMMENT '状态：0.待处理，1.处理中，2.处理完毕',
  `create_time` datetime(0) NOT NULL DEFAULT CURRENT_TIMESTAMP COMMENT '创建时间',
  `update_time` datetime(0) NULL DEFAULT NULL ON UPDATE CURRENT_TIMESTAMP(0),
  PRIMARY KEY (`id`) USING BTREE
) ENGINE = InnoDB CHARACTER SET = utf8 COLLATE = utf8_general_ci COMMENT = '冻结解冻记录' ROW_FORMAT = Dynamic;

-- ----------------------------
-- Table structure for tron_withdraw_record
-- ----------------------------
DROP TABLE IF EXISTS `tron_withdraw_record`;
CREATE TABLE `tron_withdraw_record`  (
  `id` bigint(11) NOT NULL,
  `from` varchar(64) CHARACTER SET utf8 COLLATE utf8_general_ci NOT NULL COMMENT '来源地址',
  `to` varchar(64) CHARACTER SET utf8 COLLATE utf8_general_ci NOT NULL COMMENT '用户平台地址',
  `amount` decimal(50, 20) NOT NULL COMMENT '金额',
  `state` tinyint(1) NOT NULL COMMENT '状态，0.待发起，1.处理中，2.成功，3.失败',
  `symbol` varchar(20) CHARACTER SET utf8 COLLATE utf8_general_ci NOT NULL COMMENT '币种符号',
  `chain_id` bigint(11) NOT NULL COMMENT '链上交互ID',
  `create_time` datetime(0) NOT NULL DEFAULT CURRENT_TIMESTAMP COMMENT '创建时间',
  `update_time` datetime(0) NULL DEFAULT NULL ON UPDATE CURRENT_TIMESTAMP(0) COMMENT '修改时间',
  PRIMARY KEY (`id`) USING BTREE
) ENGINE = InnoDB CHARACTER SET = utf8 COLLATE = utf8_general_ci COMMENT = '提现记录' ROW_FORMAT = Dynamic;

SET FOREIGN_KEY_CHECKS = 1;
